index,path,label,pred
0,../data/nyu_data/nyu2/furniture_store_0002b_out\197.jpg,12,17
1,../data/nyu_data/nyu2/bedroom_0035_out\35.jpg,2,17
3,../data/nyu_data/nyu2/living_room_0039_out\42.jpg,17,19
7,../data/nyu_data/nyu2/bedroom_0020_out\24.jpg,2,17
10,../data/nyu_data/nyu2/bedroom_0071_out\144.jpg,2,17
14,../data/nyu_data/nyu2/bedroom_0041_out\30.jpg,2,17
15,../data/nyu_data/nyu2/kitchen_0045a_out\21.jpg,15,17
20,../data/nyu_data/nyu2/dining_room_0016_out\179.jpg,9,19
21,../data/nyu_data/nyu2/study_room_0004_out\26.jpg,24,18
26,../data/nyu_data/nyu2/dining_room_0034_out\223.jpg,9,19
28,../data/nyu_data/nyu2/living_room_0012_out\105.jpg,17,9
29,../data/nyu_data/nyu2/kitchen_0052_out\226.jpg,15,9
31,../data/nyu_data/nyu2/bedroom_0017_out\154.jpg,2,17
36,../data/nyu_data/nyu2/living_room_0046b_out\153.jpg,17,15
39,../data/nyu_data/nyu2/dining_room_0014_out\28.jpg,9,17
40,../data/nyu_data/nyu2/bookstore_0001f_out\208.jpg,3,18
42,../data/nyu_data/nyu2/home_office_0008_out\31.jpg,13,15
46,../data/nyu_data/nyu2/dining_room_0037_out\44.jpg,9,17
49,../data/nyu_data/nyu2/kitchen_0060_out\182.jpg,15,17
52,../data/nyu_data/nyu2/kitchen_0052_out\237.jpg,15,9
54,../data/nyu_data/nyu2/conference_room_0001_out\191.jpg,7,19
64,../data/nyu_data/nyu2/living_room_0082_out\93.jpg,17,2
65,../data/nyu_data/nyu2/bedroom_0097_out\68.jpg,2,17
69,../data/nyu_data/nyu2/living_room_0039_out\91.jpg,17,2
73,../data/nyu_data/nyu2/bedroom_0020_out\42.jpg,2,17
75,../data/nyu_data/nyu2/dining_room_0029_out\86.jpg,9,17
79,../data/nyu_data/nyu2/furniture_store_0001d_out\136.jpg,12,24
81,../data/nyu_data/nyu2/classroom_0010_out\23.jpg,5,19
83,../data/nyu_data/nyu2/kitchen_0053_out\149.jpg,15,2
84,../data/nyu_data/nyu2/office_0019_out\76.jpg,19,17
93,../data/nyu_data/nyu2/reception_room_0002_out\14.jpg,22,18
95,../data/nyu_data/nyu2/bedroom_0078_out\135.jpg,2,9
97,../data/nyu_data/nyu2/student_lounge_0001_out\135.jpg,23,9
98,../data/nyu_data/nyu2/bathroom_0041_out\103.jpg,1,18
113,../data/nyu_data/nyu2/dining_room_0029_out\75.jpg,9,17
115,../data/nyu_data/nyu2/bathroom_0030_out\35.jpg,1,17
116,../data/nyu_data/nyu2/bedroom_0125a_out\2.jpg,2,19
118,../data/nyu_data/nyu2/dining_room_0031_out\464.jpg,9,15
122,../data/nyu_data/nyu2/kitchen_0050_out\150.jpg,15,17
125,../data/nyu_data/nyu2/living_room_0039_out\170.jpg,17,2
126,../data/nyu_data/nyu2/indoor_balcony_0001_out\35.jpg,14,9
131,../data/nyu_data/nyu2/dining_room_0014_out\133.jpg,9,17
132,../data/nyu_data/nyu2/kitchen_0053_out\242.jpg,15,17
133,../data/nyu_data/nyu2/study_0003_out\119.jpg,24,17
137,../data/nyu_data/nyu2/bedroom_0094_out\19.jpg,2,15
138,../data/nyu_data/nyu2/printer_room_0001_out\55.jpg,21,19
139,../data/nyu_data/nyu2/living_room_0018_out\105.jpg,17,2
142,../data/nyu_data/nyu2/kitchen_0033_out\227.jpg,15,17
143,../data/nyu_data/nyu2/excercise_room_0001_out\41.jpg,10,19
144,../data/nyu_data/nyu2/bedroom_0136_out\168.jpg,2,15
146,../data/nyu_data/nyu2/bathroom_0010_out\4.jpg,1,9
147,../data/nyu_data/nyu2/living_room_0039_out\58.jpg,17,9
148,../data/nyu_data/nyu2/bathroom_0039_out\72.jpg,1,9
149,../data/nyu_data/nyu2/dining_room_0031_out\172.jpg,9,17
158,../data/nyu_data/nyu2/living_room_0046b_out\75.jpg,17,9
162,../data/nyu_data/nyu2/playroom_0003_out\282.jpg,20,9
163,../data/nyu_data/nyu2/dining_room_0015_out\96.jpg,9,15
165,../data/nyu_data/nyu2/living_room_0069a_out\111.jpg,17,18
168,../data/nyu_data/nyu2/furniture_store_0002a_out\83.jpg,12,9
170,../data/nyu_data/nyu2/bookstore_0001j_out\220.jpg,3,23
174,../data/nyu_data/nyu2/living_room_0022_out\186.jpg,17,2
175,../data/nyu_data/nyu2/dining_room_0019_out\4.jpg,9,19
178,../data/nyu_data/nyu2/office_0006_out\84.jpg,19,18
182,../data/nyu_data/nyu2/playroom_0002_out\150.jpg,20,19
184,../data/nyu_data/nyu2/bedroom_0062_out\207.jpg,2,17
187,../data/nyu_data/nyu2/kitchen_0010_out\78.jpg,15,9
195,../data/nyu_data/nyu2/kitchen_0049_out\327.jpg,15,9
199,../data/nyu_data/nyu2/kitchen_0053_out\118.jpg,15,17
203,../data/nyu_data/nyu2/kitchen_0017_out\139.jpg,15,19
208,../data/nyu_data/nyu2/cafe_0001b_out\4.jpg,4,2
209,../data/nyu_data/nyu2/bedroom_0025_out\185.jpg,2,15
211,../data/nyu_data/nyu2/furniture_store_0002a_out\64.jpg,12,9
221,../data/nyu_data/nyu2/kitchen_0047_out\105.jpg,15,24
224,../data/nyu_data/nyu2/bedroom_0098_out\17.jpg,2,17
225,../data/nyu_data/nyu2/study_0004_out\75.jpg,24,15
229,../data/nyu_data/nyu2/bedroom_0020_out\44.jpg,2,17
233,../data/nyu_data/nyu2/dining_room_0014_out\151.jpg,9,17
237,../data/nyu_data/nyu2/study_room_0005b_out\93.jpg,24,18
239,../data/nyu_data/nyu2/bedroom_0060_out\65.jpg,2,9
240,../data/nyu_data/nyu2/dining_room_0001b_out\157.jpg,9,17
242,../data/nyu_data/nyu2/bathroom_0041_out\29.jpg,1,18
246,../data/nyu_data/nyu2/kitchen_0033_out\145.jpg,15,2
251,../data/nyu_data/nyu2/bedroom_0082_out\3.jpg,2,11
252,../data/nyu_data/nyu2/kitchen_0045b_out\106.jpg,15,24
253,../data/nyu_data/nyu2/living_room_0047b_out\12.jpg,17,15
272,../data/nyu_data/nyu2/dining_room_0031_out\35.jpg,9,17
274,../data/nyu_data/nyu2/dining_room_0015_out\90.jpg,9,15
277,../data/nyu_data/nyu2/bathroom_0049_out\1.jpg,1,18
279,../data/nyu_data/nyu2/study_0003_out\150.jpg,24,15
282,../data/nyu_data/nyu2/bedroom_0004_out\220.jpg,2,17
283,../data/nyu_data/nyu2/bedroom_0096_out\120.jpg,2,17
284,../data/nyu_data/nyu2/bathroom_0030_out\24.jpg,1,9
285,../data/nyu_data/nyu2/dining_room_0007_out\307.jpg,9,17
288,../data/nyu_data/nyu2/bedroom_0051_out\124.jpg,2,19
289,../data/nyu_data/nyu2/kitchen_0010_out\168.jpg,15,19
291,../data/nyu_data/nyu2/bedroom_0010_out\26.jpg,2,17
293,../data/nyu_data/nyu2/living_room_0082_out\20.jpg,17,2
294,../data/nyu_data/nyu2/kitchen_0037_out\122.jpg,15,18
298,../data/nyu_data/nyu2/bedroom_0050_out\177.jpg,2,12
299,../data/nyu_data/nyu2/dining_room_0012_out\11.jpg,9,17
300,../data/nyu_data/nyu2/classroom_0003_out\23.jpg,5,9
301,../data/nyu_data/nyu2/furniture_store_0001d_out\190.jpg,12,19
305,../data/nyu_data/nyu2/nyu_office_0_out\614.jpg,18,9
307,../data/nyu_data/nyu2/home_storage_0001_out\223.jpg,13,2
311,../data/nyu_data/nyu2/bookstore_0001f_out\630.jpg,3,19
314,../data/nyu_data/nyu2/bedroom_0072_out\188.jpg,2,17
317,../data/nyu_data/nyu2/bedroom_0029_out\25.jpg,2,18
318,../data/nyu_data/nyu2/bookstore_0001f_out\622.jpg,3,19
320,../data/nyu_data/nyu2/dining_room_0031_out\454.jpg,9,15
328,../data/nyu_data/nyu2/furniture_store_0002b_out\329.jpg,12,19
334,../data/nyu_data/nyu2/kitchen_0050_out\130.jpg,15,17
340,../data/nyu_data/nyu2/dining_room_0034_out\278.jpg,9,19
342,../data/nyu_data/nyu2/reception_room_0002_out\24.jpg,22,18
344,../data/nyu_data/nyu2/bedroom_0059_out\63.jpg,2,1
347,../data/nyu_data/nyu2/study_0004_out\119.jpg,24,15
350,../data/nyu_data/nyu2/furniture_store_0002b_out\348.jpg,12,15
358,../data/nyu_data/nyu2/living_room_0010_out\263.jpg,17,9
359,../data/nyu_data/nyu2/dining_room_0037_out\41.jpg,9,17
372,../data/nyu_data/nyu2/kitchen_0053_out\174.jpg,15,17
373,../data/nyu_data/nyu2/dining_room_0012_out\44.jpg,9,17
374,../data/nyu_data/nyu2/bedroom_0107_out\29.jpg,2,17
375,../data/nyu_data/nyu2/kitchen_0031_out\40.jpg,15,0
377,../data/nyu_data/nyu2/bathroom_0023_out\18.jpg,1,17
380,../data/nyu_data/nyu2/bathroom_0028_out\80.jpg,1,18
382,../data/nyu_data/nyu2/dining_room_0012_out\32.jpg,9,17
384,../data/nyu_data/nyu2/bookstore_0001g_out\248.jpg,3,19
385,../data/nyu_data/nyu2/bedroom_0136_out\165.jpg,2,15
392,../data/nyu_data/nyu2/bedroom_0041_out\75.jpg,2,9
404,../data/nyu_data/nyu2/living_room_0069a_out\40.jpg,17,18
406,../data/nyu_data/nyu2/reception_room_0002_out\216.jpg,22,19
413,../data/nyu_data/nyu2/dinette_0001_out\14.jpg,8,2
415,../data/nyu_data/nyu2/furniture_store_0002b_out\19.jpg,12,19
416,../data/nyu_data/nyu2/furniture_store_0002d_out\89.jpg,12,18
417,../data/nyu_data/nyu2/bedroom_0053_out\140.jpg,2,9
418,../data/nyu_data/nyu2/bedroom_0072_out\226.jpg,2,17
419,../data/nyu_data/nyu2/nyu_office_1_out\117.jpg,18,20
422,../data/nyu_data/nyu2/bookstore_0001j_out\118.jpg,3,18
429,../data/nyu_data/nyu2/bookstore_0001f_out\141.jpg,3,4
434,../data/nyu_data/nyu2/kitchen_0043_out\219.jpg,15,9
441,../data/nyu_data/nyu2/bedroom_0019_out\225.jpg,2,17
451,../data/nyu_data/nyu2/dining_room_0031_out\175.jpg,9,17
452,../data/nyu_data/nyu2/bedroom_0086_out\90.jpg,2,17
458,../data/nyu_data/nyu2/playroom_0003_out\27.jpg,20,9
461,../data/nyu_data/nyu2/bedroom_0040_out\50.jpg,2,15
463,../data/nyu_data/nyu2/bedroom_0059_out\30.jpg,2,17
464,../data/nyu_data/nyu2/bedroom_0062_out\46.jpg,2,17
467,../data/nyu_data/nyu2/bathroom_0033_out\26.jpg,1,18
469,../data/nyu_data/nyu2/living_room_0070_out\113.jpg,17,18
471,../data/nyu_data/nyu2/bathroom_0005_out\23.jpg,1,19
472,../data/nyu_data/nyu2/office_0019_out\55.jpg,19,15
485,../data/nyu_data/nyu2/furniture_store_0001a_out\66.jpg,12,19
491,../data/nyu_data/nyu2/dining_room_0023_out\253.jpg,9,17
494,../data/nyu_data/nyu2/bathroom_0039_out\7.jpg,1,17
501,../data/nyu_data/nyu2/home_office_0006_out\29.jpg,13,15
502,../data/nyu_data/nyu2/home_office_0008_out\103.jpg,13,17
505,../data/nyu_data/nyu2/bathroom_0016_out\41.jpg,1,17
512,../data/nyu_data/nyu2/playroom_0004_out\135.jpg,20,17
513,../data/nyu_data/nyu2/nyu_office_1_out\30.jpg,18,17
516,../data/nyu_data/nyu2/kitchen_0010_out\165.jpg,15,24
518,../data/nyu_data/nyu2/bedroom_0056a_out\104.jpg,2,15
519,../data/nyu_data/nyu2/bedroom_0036_out\3.jpg,2,9
520,../data/nyu_data/nyu2/bathroom_0005_out\29.jpg,1,15
521,../data/nyu_data/nyu2/conference_room_0001_out\71.jpg,7,19
524,../data/nyu_data/nyu2/bedroom_0057_out\16.jpg,2,9
525,../data/nyu_data/nyu2/classroom_0006_out\183.jpg,5,15
528,../data/nyu_data/nyu2/dining_room_0014_out\155.jpg,9,17
532,../data/nyu_data/nyu2/conference_room_0001_out\58.jpg,7,19
537,../data/nyu_data/nyu2/furniture_store_0001d_out\284.jpg,12,15
543,../data/nyu_data/nyu2/bathroom_0054_out\32.jpg,1,9
546,../data/nyu_data/nyu2/dining_room_0037_out\113.jpg,9,17
547,../data/nyu_data/nyu2/dining_room_0007_out\310.jpg,9,17
551,../data/nyu_data/nyu2/bathroom_0034_out\100.jpg,1,18
558,../data/nyu_data/nyu2/bathroom_0041_out\83.jpg,1,19
563,../data/nyu_data/nyu2/classroom_0004_out\105.jpg,5,19
564,../data/nyu_data/nyu2/bedroom_0069_out\6.jpg,2,17
567,../data/nyu_data/nyu2/bedroom_0062_out\134.jpg,2,17
572,../data/nyu_data/nyu2/living_room_0020_out\285.jpg,17,9
575,../data/nyu_data/nyu2/dining_room_0037_out\6.jpg,9,17
584,../data/nyu_data/nyu2/living_room_0067_out\124.jpg,17,15
588,../data/nyu_data/nyu2/bathroom_0051_out\57.jpg,1,15
597,../data/nyu_data/nyu2/excercise_room_0001_out\177.jpg,10,19
598,../data/nyu_data/nyu2/classroom_0012_out\27.jpg,5,19
599,../data/nyu_data/nyu2/bedroom_0056b_out\39.jpg,2,17
601,../data/nyu_data/nyu2/kitchen_0010_out\164.jpg,15,24
603,../data/nyu_data/nyu2/bedroom_0078_out\211.jpg,2,9
611,../data/nyu_data/nyu2/bedroom_0086_out\53.jpg,2,17
612,../data/nyu_data/nyu2/home_office_0007_out\25.jpg,13,17
614,../data/nyu_data/nyu2/reception_room_0002_out\194.jpg,22,18
618,../data/nyu_data/nyu2/kitchen_0019a_out\152.jpg,15,2
620,../data/nyu_data/nyu2/bedroom_0062_out\223.jpg,2,17
621,../data/nyu_data/nyu2/kitchen_0047_out\16.jpg,15,16
624,../data/nyu_data/nyu2/kitchen_0035b_out\436.jpg,15,9
627,../data/nyu_data/nyu2/bedroom_0120_out\8.jpg,2,17
629,../data/nyu_data/nyu2/bathroom_0048_out\11.jpg,1,24
630,../data/nyu_data/nyu2/bedroom_0104_out\30.jpg,2,17
631,../data/nyu_data/nyu2/bedroom_0129_out\134.jpg,2,17
633,../data/nyu_data/nyu2/dining_room_0007_out\295.jpg,9,17
642,../data/nyu_data/nyu2/office_0006_out\3.jpg,19,18
644,../data/nyu_data/nyu2/dining_room_0015_out\228.jpg,9,19
645,../data/nyu_data/nyu2/dining_room_0028_out\211.jpg,9,19
649,../data/nyu_data/nyu2/bedroom_0136_out\164.jpg,2,15
650,../data/nyu_data/nyu2/bedroom_0072_out\6.jpg,2,17
652,../data/nyu_data/nyu2/living_room_0038_out\7.jpg,17,15
658,../data/nyu_data/nyu2/bedroom_0098_out\13.jpg,2,17
659,../data/nyu_data/nyu2/kitchen_0052_out\183.jpg,15,9
660,../data/nyu_data/nyu2/bedroom_0094_out\55.jpg,2,15
662,../data/nyu_data/nyu2/furniture_store_0002a_out\53.jpg,12,9
663,../data/nyu_data/nyu2/bedroom_0041_out\39.jpg,2,17
665,../data/nyu_data/nyu2/kitchen_0048_out\7.jpg,15,18
669,../data/nyu_data/nyu2/bedroom_0012_out\39.jpg,2,17
670,../data/nyu_data/nyu2/kitchen_0008_out\66.jpg,15,2
673,../data/nyu_data/nyu2/home_office_0004_out\237.jpg,13,19
681,../data/nyu_data/nyu2/playroom_0003_out\25.jpg,20,9
685,../data/nyu_data/nyu2/bedroom_0082_out\10.jpg,2,17
688,../data/nyu_data/nyu2/classroom_0018_out\3.jpg,5,9
692,../data/nyu_data/nyu2/bedroom_0019_out\205.jpg,2,9
693,../data/nyu_data/nyu2/bedroom_0096_out\107.jpg,2,17
694,../data/nyu_data/nyu2/kitchen_0051_out\234.jpg,15,0
697,../data/nyu_data/nyu2/study_0004_out\56.jpg,24,15
699,../data/nyu_data/nyu2/bedroom_0120_out\82.jpg,2,17
702,../data/nyu_data/nyu2/living_room_0067_out\54.jpg,17,15
705,../data/nyu_data/nyu2/kitchen_0033_out\234.jpg,15,17
706,../data/nyu_data/nyu2/reception_room_0002_out\203.jpg,22,18
707,../data/nyu_data/nyu2/bathroom_0045a_out\8.jpg,1,18
708,../data/nyu_data/nyu2/kitchen_0031_out\258.jpg,15,19
712,../data/nyu_data/nyu2/bedroom_0081_out\17.jpg,2,17
713,../data/nyu_data/nyu2/bedroom_0042_out\5.jpg,2,17
714,../data/nyu_data/nyu2/home_office_0006_out\33.jpg,13,15
718,../data/nyu_data/nyu2/bathroom_0013_out\95.jpg,1,18
719,../data/nyu_data/nyu2/bathroom_0041_out\66.jpg,1,18
721,../data/nyu_data/nyu2/bedroom_0059_out\31.jpg,2,17
723,../data/nyu_data/nyu2/dining_room_0028_out\203.jpg,9,19
727,../data/nyu_data/nyu2/bathroom_0045a_out\27.jpg,1,15
728,../data/nyu_data/nyu2/bedroom_0010_out\136.jpg,2,17
733,../data/nyu_data/nyu2/bedroom_0047_out\28.jpg,2,19
734,../data/nyu_data/nyu2/classroom_0003_out\28.jpg,5,9
735,../data/nyu_data/nyu2/bathroom_0050_out\6.jpg,1,18
737,../data/nyu_data/nyu2/kitchen_0050_out\67.jpg,15,17
739,../data/nyu_data/nyu2/bedroom_0019_out\230.jpg,2,17
743,../data/nyu_data/nyu2/home_office_0006_out\218.jpg,13,9
750,../data/nyu_data/nyu2/bedroom_0071_out\31.jpg,2,17
751,../data/nyu_data/nyu2/kitchen_0008_out\2.jpg,15,19
752,../data/nyu_data/nyu2/dining_room_0007_out\260.jpg,9,17
756,../data/nyu_data/nyu2/dining_room_0010_out\18.jpg,9,19
759,../data/nyu_data/nyu2/kitchen_0011a_out\3.jpg,15,19
760,../data/nyu_data/nyu2/furniture_store_0002b_out\267.jpg,12,2
764,../data/nyu_data/nyu2/bookstore_0001f_out\620.jpg,3,19
769,../data/nyu_data/nyu2/dining_room_0007_out\230.jpg,9,15
771,../data/nyu_data/nyu2/home_storage_0001_out\1.jpg,13,17
773,../data/nyu_data/nyu2/dining_room_0029_out\79.jpg,9,17
776,../data/nyu_data/nyu2/bedroom_0051_out\202.jpg,2,17
777,../data/nyu_data/nyu2/bathroom_0007_out\99.jpg,1,17
778,../data/nyu_data/nyu2/bedroom_0074_out\37.jpg,2,9
779,../data/nyu_data/nyu2/bathroom_0006_out\85.jpg,1,18
785,../data/nyu_data/nyu2/kitchen_0037_out\135.jpg,15,19
792,../data/nyu_data/nyu2/living_room_0069b_out\111.jpg,17,2
794,../data/nyu_data/nyu2/kitchen_0043_out\192.jpg,15,9
799,../data/nyu_data/nyu2/bathroom_0024_out\54.jpg,1,18
805,../data/nyu_data/nyu2/classroom_0011_out\4.jpg,5,19
809,../data/nyu_data/nyu2/bookstore_0001f_out\642.jpg,3,18
811,../data/nyu_data/nyu2/bedroom_0079_out\26.jpg,2,17
813,../data/nyu_data/nyu2/kitchen_0019a_out\124.jpg,15,17
814,../data/nyu_data/nyu2/dining_room_0031_out\493.jpg,9,2
816,../data/nyu_data/nyu2/kitchen_0053_out\183.jpg,15,19
817,../data/nyu_data/nyu2/classroom_0011_out\15.jpg,5,15
820,../data/nyu_data/nyu2/dining_room_0014_out\4.jpg,9,17
824,../data/nyu_data/nyu2/bedroom_0063_out\60.jpg,2,15
826,../data/nyu_data/nyu2/dining_room_0015_out\114.jpg,9,15
827,../data/nyu_data/nyu2/bedroom_0053_out\91.jpg,2,9
829,../data/nyu_data/nyu2/bedroom_0079_out\72.jpg,2,17
834,../data/nyu_data/nyu2/bedroom_0069_out\172.jpg,2,19
836,../data/nyu_data/nyu2/furniture_store_0001d_out\328.jpg,12,19
837,../data/nyu_data/nyu2/bathroom_0039_out\83.jpg,1,9
843,../data/nyu_data/nyu2/study_room_0004_out\134.jpg,24,18
845,../data/nyu_data/nyu2/study_0003_out\158.jpg,24,9
847,../data/nyu_data/nyu2/living_room_0020_out\278.jpg,17,9
851,../data/nyu_data/nyu2/kitchen_0019b_out\41.jpg,15,19
855,../data/nyu_data/nyu2/computer_lab_0002_out\17.jpg,6,24
857,../data/nyu_data/nyu2/bedroom_0080_out\64.jpg,2,9
858,../data/nyu_data/nyu2/dining_room_0037_out\192.jpg,9,17
859,../data/nyu_data/nyu2/dining_room_0031_out\289.jpg,9,17
861,../data/nyu_data/nyu2/playroom_0003_out\278.jpg,20,9
869,../data/nyu_data/nyu2/living_room_0010_out\314.jpg,17,2
871,../data/nyu_data/nyu2/office_0006_out\109.jpg,19,18
873,../data/nyu_data/nyu2/furniture_store_0002b_out\168.jpg,12,17
876,../data/nyu_data/nyu2/furniture_store_0002a_out\281.jpg,12,2
877,../data/nyu_data/nyu2/kitchen_0003_out\108.jpg,15,16
878,../data/nyu_data/nyu2/bedroom_0052_out\142.jpg,2,19
880,../data/nyu_data/nyu2/nyu_office_1_out\37.jpg,18,17
881,../data/nyu_data/nyu2/dining_room_0012_out\285.jpg,9,17
882,../data/nyu_data/nyu2/bedroom_0074_out\182.jpg,2,9
892,../data/nyu_data/nyu2/dining_room_0012_out\233.jpg,9,17
893,../data/nyu_data/nyu2/bedroom_0097_out\80.jpg,2,17
894,../data/nyu_data/nyu2/bathroom_0001_out\6.jpg,1,15
899,../data/nyu_data/nyu2/bedroom_0028_out\102.jpg,2,17
900,../data/nyu_data/nyu2/classroom_0006_out\224.jpg,5,1
902,../data/nyu_data/nyu2/study_room_0004_out\7.jpg,24,18
907,../data/nyu_data/nyu2/dining_room_0031_out\543.jpg,9,15
913,../data/nyu_data/nyu2/dining_room_0007_out\58.jpg,9,17
915,../data/nyu_data/nyu2/furniture_store_0001d_out\404.jpg,12,15
922,../data/nyu_data/nyu2/bedroom_0086_out\133.jpg,2,15
923,../data/nyu_data/nyu2/bathroom_0028_out\72.jpg,1,18
926,../data/nyu_data/nyu2/bedroom_0019_out\231.jpg,2,17
927,../data/nyu_data/nyu2/study_room_0005a_out\11.jpg,24,18
928,../data/nyu_data/nyu2/kitchen_0010_out\15.jpg,15,17
929,../data/nyu_data/nyu2/bedroom_0120_out\98.jpg,2,17
931,../data/nyu_data/nyu2/living_room_0039_out\90.jpg,17,2
932,../data/nyu_data/nyu2/kitchen_0045a_out\147.jpg,15,18
933,../data/nyu_data/nyu2/bedroom_0136_out\61.jpg,2,19
934,../data/nyu_data/nyu2/dining_room_0007_out\155.jpg,9,2
935,../data/nyu_data/nyu2/study_0008_out\14.jpg,24,17
940,../data/nyu_data/nyu2/bedroom_0041_out\76.jpg,2,9
944,../data/nyu_data/nyu2/living_room_0069a_out\41.jpg,17,18
947,../data/nyu_data/nyu2/dining_room_0014_out\145.jpg,9,17
952,../data/nyu_data/nyu2/furniture_store_0002b_out\300.jpg,12,19
954,../data/nyu_data/nyu2/bedroom_0078_out\183.jpg,2,18
956,../data/nyu_data/nyu2/bathroom_0041_out\33.jpg,1,18
957,../data/nyu_data/nyu2/bedroom_0138_out\102.jpg,2,17
966,../data/nyu_data/nyu2/dining_room_0029_out\72.jpg,9,17
967,../data/nyu_data/nyu2/bedroom_0057_out\7.jpg,2,9
971,../data/nyu_data/nyu2/bedroom_0016_out\293.jpg,2,15
973,../data/nyu_data/nyu2/living_room_0040_out\472.jpg,17,9
977,../data/nyu_data/nyu2/furniture_store_0001d_out\44.jpg,12,19
983,../data/nyu_data/nyu2/kitchen_0052_out\234.jpg,15,9
988,../data/nyu_data/nyu2/cafe_0001b_out\20.jpg,4,18
991,../data/nyu_data/nyu2/living_room_0029_out\122.jpg,17,9
992,../data/nyu_data/nyu2/bedroom_0056a_out\55.jpg,2,18
994,../data/nyu_data/nyu2/bedroom_0017_out\116.jpg,2,17
995,../data/nyu_data/nyu2/living_room_0042a_out\54.jpg,17,19
998,../data/nyu_data/nyu2/kitchen_0052_out\212.jpg,15,9
1001,../data/nyu_data/nyu2/study_room_0004_out\78.jpg,24,18
1009,../data/nyu_data/nyu2/kitchen_0033_out\266.jpg,15,19
1014,../data/nyu_data/nyu2/nyu_office_0_out\610.jpg,18,9
1019,../data/nyu_data/nyu2/bookstore_0001f_out\174.jpg,3,18
1021,../data/nyu_data/nyu2/kitchen_0051_out\483.jpg,15,2
1026,../data/nyu_data/nyu2/home_office_0013_out\126.jpg,13,17
1028,../data/nyu_data/nyu2/kitchen_0052_out\243.jpg,15,9
1029,../data/nyu_data/nyu2/nyu_office_1_out\109.jpg,18,17
1030,../data/nyu_data/nyu2/bedroom_0051_out\127.jpg,2,19
1034,../data/nyu_data/nyu2/living_room_0038_out\8.jpg,17,18
1040,../data/nyu_data/nyu2/bedroom_0017_out\123.jpg,2,17
1041,../data/nyu_data/nyu2/dining_room_0002_out\20.jpg,9,15
1042,../data/nyu_data/nyu2/bathroom_0049_out\72.jpg,1,18
1047,../data/nyu_data/nyu2/living_room_0070_out\115.jpg,17,9
1051,../data/nyu_data/nyu2/bathroom_0035_out\15.jpg,1,17
1057,../data/nyu_data/nyu2/bedroom_0039_out\31.jpg,2,9
1058,../data/nyu_data/nyu2/bedroom_0096_out\89.jpg,2,15
1065,../data/nyu_data/nyu2/bedroom_0138_out\65.jpg,2,17
1068,../data/nyu_data/nyu2/reception_room_0002_out\224.jpg,22,18
1073,../data/nyu_data/nyu2/conference_room_0001_out\35.jpg,7,19
1076,../data/nyu_data/nyu2/living_room_0032_out\64.jpg,17,2
1079,../data/nyu_data/nyu2/bedroom_0098_out\98.jpg,2,17
1082,../data/nyu_data/nyu2/dining_room_0015_out\15.jpg,9,18
1085,../data/nyu_data/nyu2/living_room_0055_out\205.jpg,17,9
1089,../data/nyu_data/nyu2/nyu_office_0_out\415.jpg,18,9
1091,../data/nyu_data/nyu2/dining_room_0014_out\37.jpg,9,17
1092,../data/nyu_data/nyu2/dining_room_0012_out\240.jpg,9,17
1096,../data/nyu_data/nyu2/bedroom_0056a_out\148.jpg,2,17
1099,../data/nyu_data/nyu2/home_office_0011_out\7.jpg,13,17
1102,../data/nyu_data/nyu2/bathroom_0028_out\213.jpg,1,9
1104,../data/nyu_data/nyu2/living_room_0020_out\199.jpg,17,9
1105,../data/nyu_data/nyu2/living_room_0019_out\297.jpg,17,2
1107,../data/nyu_data/nyu2/home_office_0011_out\60.jpg,13,15
1110,../data/nyu_data/nyu2/bedroom_0071_out\257.jpg,2,17
1117,../data/nyu_data/nyu2/kitchen_0019a_out\34.jpg,15,19
1119,../data/nyu_data/nyu2/furniture_store_0002b_out\384.jpg,12,19
1120,../data/nyu_data/nyu2/dining_room_0014_out\40.jpg,9,17
1124,../data/nyu_data/nyu2/dining_room_0037_out\221.jpg,9,17
1126,../data/nyu_data/nyu2/reception_room_0002_out\150.jpg,22,18
1131,../data/nyu_data/nyu2/conference_room_0001_out\107.jpg,7,15
1139,../data/nyu_data/nyu2/furniture_store_0002a_out\71.jpg,12,9
1142,../data/nyu_data/nyu2/kitchen_0043_out\203.jpg,15,9
1146,../data/nyu_data/nyu2/bookstore_0001g_out\357.jpg,3,18
1153,../data/nyu_data/nyu2/bathroom_0033_out\67.jpg,1,18
1156,../data/nyu_data/nyu2/dining_room_0007_out\132.jpg,9,15
1159,../data/nyu_data/nyu2/bedroom_0026_out\108.jpg,2,15
1160,../data/nyu_data/nyu2/dining_room_0031_out\135.jpg,9,17
1166,../data/nyu_data/nyu2/living_room_0062_out\229.jpg,17,9
1167,../data/nyu_data/nyu2/bedroom_0040_out\72.jpg,2,19
1176,../data/nyu_data/nyu2/bathroom_0010_out\51.jpg,1,9
1181,../data/nyu_data/nyu2/dining_room_0037_out\31.jpg,9,17
1182,../data/nyu_data/nyu2/bathroom_0013_out\102.jpg,1,18
1187,../data/nyu_data/nyu2/bedroom_0138_out\93.jpg,2,17
1188,../data/nyu_data/nyu2/kitchen_0051_out\190.jpg,15,9
1192,../data/nyu_data/nyu2/playroom_0003_out\251.jpg,20,2
1193,../data/nyu_data/nyu2/living_room_0022_out\191.jpg,17,9
1194,../data/nyu_data/nyu2/bedroom_0106_out\128.jpg,2,1
1200,../data/nyu_data/nyu2/kitchen_0048_out\255.jpg,15,19
1201,../data/nyu_data/nyu2/study_room_0005b_out\126.jpg,24,18
1205,../data/nyu_data/nyu2/bedroom_0047_out\38.jpg,2,1
1211,../data/nyu_data/nyu2/student_lounge_0001_out\121.jpg,23,17
1212,../data/nyu_data/nyu2/kitchen_0019a_out\50.jpg,15,19
1215,../data/nyu_data/nyu2/bedroom_0079_out\70.jpg,2,17
1216,../data/nyu_data/nyu2/furniture_store_0002c_out\83.jpg,12,15
1220,../data/nyu_data/nyu2/dining_room_0012_out\21.jpg,9,17
1222,../data/nyu_data/nyu2/bathroom_0030_out\71.jpg,1,17
1226,../data/nyu_data/nyu2/living_room_0082_out\50.jpg,17,15
1229,../data/nyu_data/nyu2/bookstore_0001h_out\231.jpg,3,4
1236,../data/nyu_data/nyu2/bedroom_0056b_out\19.jpg,2,19
1239,../data/nyu_data/nyu2/bedroom_0059_out\110.jpg,2,1
1253,../data/nyu_data/nyu2/bookstore_0001e_out\213.jpg,3,19
1258,../data/nyu_data/nyu2/kitchen_0045a_out\51.jpg,15,9
1266,../data/nyu_data/nyu2/bedroom_0072_out\253.jpg,2,17
1267,../data/nyu_data/nyu2/furniture_store_0001d_out\127.jpg,12,0
1268,../data/nyu_data/nyu2/dining_room_0031_out\540.jpg,9,15
1269,../data/nyu_data/nyu2/kitchen_0029a_out\47.jpg,15,17
1271,../data/nyu_data/nyu2/furniture_store_0002a_out\158.jpg,12,9
1276,../data/nyu_data/nyu2/indoor_balcony_0001_out\45.jpg,14,17
1284,../data/nyu_data/nyu2/student_lounge_0001_out\12.jpg,23,2
1295,../data/nyu_data/nyu2/bathroom_0056_out\39.jpg,1,9
1301,../data/nyu_data/nyu2/furniture_store_0002b_out\174.jpg,12,17
1303,../data/nyu_data/nyu2/kitchen_0048_out\24.jpg,15,18
1315,../data/nyu_data/nyu2/dining_room_0012_out\253.jpg,9,17
1316,../data/nyu_data/nyu2/furniture_store_0002a_out\230.jpg,12,19
1318,../data/nyu_data/nyu2/bathroom_0007_out\133.jpg,1,15
1319,../data/nyu_data/nyu2/bedroom_0072_out\117.jpg,2,17
1320,../data/nyu_data/nyu2/living_room_0058_out\285.jpg,17,9
1321,../data/nyu_data/nyu2/bedroom_0056b_out\24.jpg,2,17
1326,../data/nyu_data/nyu2/kitchen_0043_out\227.jpg,15,9
1331,../data/nyu_data/nyu2/bedroom_0056a_out\142.jpg,2,17
1332,../data/nyu_data/nyu2/bathroom_0042_out\8.jpg,1,9
1343,../data/nyu_data/nyu2/bedroom_0113_out\19.jpg,2,17
1345,../data/nyu_data/nyu2/living_room_0039_out\261.jpg,17,2
1348,../data/nyu_data/nyu2/cafe_0001c_out\19.jpg,4,17
1349,../data/nyu_data/nyu2/kitchen_0045a_out\17.jpg,15,17
1351,../data/nyu_data/nyu2/dining_room_0014_out\124.jpg,9,17
1355,../data/nyu_data/nyu2/living_room_0039_out\40.jpg,17,22
1357,../data/nyu_data/nyu2/kitchen_0008_out\6.jpg,15,19
1358,../data/nyu_data/nyu2/kitchen_0051_out\290.jpg,15,19
1360,../data/nyu_data/nyu2/living_room_0038_out\79.jpg,17,18
1362,../data/nyu_data/nyu2/cafe_0001c_out\6.jpg,4,9
1367,../data/nyu_data/nyu2/furniture_store_0001d_out\299.jpg,12,19
1373,../data/nyu_data/nyu2/kitchen_0010_out\3.jpg,15,17
1376,../data/nyu_data/nyu2/bathroom_0041_out\116.jpg,1,18
1378,../data/nyu_data/nyu2/bathroom_0035_out\23.jpg,1,17
1380,../data/nyu_data/nyu2/living_room_0042b_out\132.jpg,17,9
1381,../data/nyu_data/nyu2/furniture_store_0002b_out\182.jpg,12,17
1385,../data/nyu_data/nyu2/classroom_0011_out\26.jpg,5,19
1391,../data/nyu_data/nyu2/bedroom_0081_out\67.jpg,2,9
1395,../data/nyu_data/nyu2/kitchen_0017_out\25.jpg,15,18
1398,../data/nyu_data/nyu2/classroom_0011_out\28.jpg,5,19
1399,../data/nyu_data/nyu2/bedroom_0076a_out\182.jpg,2,9
1403,../data/nyu_data/nyu2/bathroom_0049_out\43.jpg,1,18
1409,../data/nyu_data/nyu2/dining_room_0015_out\191.jpg,9,19
1410,../data/nyu_data/nyu2/nyu_office_0_out\594.jpg,18,15
1415,../data/nyu_data/nyu2/bathroom_0035_out\22.jpg,1,17
1421,../data/nyu_data/nyu2/furniture_store_0002b_out\260.jpg,12,17
1424,../data/nyu_data/nyu2/bathroom_0010_out\49.jpg,1,2
1430,../data/nyu_data/nyu2/living_room_0029_out\138.jpg,17,9
1431,../data/nyu_data/nyu2/kitchen_0043_out\367.jpg,15,9
1432,../data/nyu_data/nyu2/dining_room_0016_out\28.jpg,9,17
1437,../data/nyu_data/nyu2/furniture_store_0001d_out\247.jpg,12,9
1447,../data/nyu_data/nyu2/bedroom_0136_out\148.jpg,2,9
1449,../data/nyu_data/nyu2/living_room_0022_out\52.jpg,17,19
1452,../data/nyu_data/nyu2/bedroom_0069_out\95.jpg,2,19
1453,../data/nyu_data/nyu2/bedroom_0041_out\31.jpg,2,15
1456,../data/nyu_data/nyu2/classroom_0006_out\71.jpg,5,19
1457,../data/nyu_data/nyu2/bedroom_0069_out\43.jpg,2,17
1462,../data/nyu_data/nyu2/dining_room_0014_out\114.jpg,9,17
1463,../data/nyu_data/nyu2/playroom_0003_out\247.jpg,20,9
1464,../data/nyu_data/nyu2/dining_room_0034_out\38.jpg,9,17
1467,../data/nyu_data/nyu2/bedroom_0017_out\129.jpg,2,17
1470,../data/nyu_data/nyu2/dining_room_0014_out\129.jpg,9,17
1483,../data/nyu_data/nyu2/bathroom_0057_out\14.jpg,1,15
1486,../data/nyu_data/nyu2/bedroom_0040_out\42.jpg,2,19
1487,../data/nyu_data/nyu2/cafe_0001c_out\16.jpg,4,17
1491,../data/nyu_data/nyu2/kitchen_0028a_out\124.jpg,15,19
1492,../data/nyu_data/nyu2/bedroom_0020_out\158.jpg,2,17
1493,../data/nyu_data/nyu2/dining_room_0037_out\30.jpg,9,17
1494,../data/nyu_data/nyu2/furniture_store_0001d_out\327.jpg,12,19
1495,../data/nyu_data/nyu2/office_0021_out\4.jpg,19,17
1497,../data/nyu_data/nyu2/bedroom_0079_out\28.jpg,2,17
1500,../data/nyu_data/nyu2/bedroom_0036_out\8.jpg,2,9
1507,../data/nyu_data/nyu2/kitchen_0045a_out\137.jpg,15,18
1509,../data/nyu_data/nyu2/bedroom_0126_out\3.jpg,2,18
1510,../data/nyu_data/nyu2/study_0003_out\170.jpg,24,9
1512,../data/nyu_data/nyu2/dining_room_0015_out\212.jpg,9,15
1515,../data/nyu_data/nyu2/kitchen_0053_out\147.jpg,15,17
1517,../data/nyu_data/nyu2/living_room_0020_out\109.jpg,17,19
1519,../data/nyu_data/nyu2/student_lounge_0001_out\18.jpg,23,9
1526,../data/nyu_data/nyu2/home_office_0005_out\168.jpg,13,15
1527,../data/nyu_data/nyu2/bedroom_0096_out\45.jpg,2,9
1533,../data/nyu_data/nyu2/bedroom_0019_out\234.jpg,2,1
1534,../data/nyu_data/nyu2/study_0003_out\139.jpg,24,9
1535,../data/nyu_data/nyu2/bathroom_0024_out\3.jpg,1,18
1538,../data/nyu_data/nyu2/bathroom_0057_out\46.jpg,1,15
1539,../data/nyu_data/nyu2/bedroom_0094_out\48.jpg,2,9
1543,../data/nyu_data/nyu2/bathroom_0049_out\29.jpg,1,18
1545,../data/nyu_data/nyu2/kitchen_0045a_out\41.jpg,15,17
1547,../data/nyu_data/nyu2/living_room_0040_out\92.jpg,17,15
1550,../data/nyu_data/nyu2/bedroom_0069_out\30.jpg,2,17
1551,../data/nyu_data/nyu2/bedroom_0071_out\1.jpg,2,17
1552,../data/nyu_data/nyu2/bedroom_0081_out\37.jpg,2,17
1554,../data/nyu_data/nyu2/dining_room_0034_out\90.jpg,9,19
1555,../data/nyu_data/nyu2/classroom_0006_out\103.jpg,5,19
1556,../data/nyu_data/nyu2/bedroom_0120_out\126.jpg,2,17
1557,../data/nyu_data/nyu2/bedroom_0104_out\5.jpg,2,17
1558,../data/nyu_data/nyu2/home_office_0005_out\20.jpg,13,22
1560,../data/nyu_data/nyu2/dining_room_0031_out\455.jpg,9,15
1561,../data/nyu_data/nyu2/bedroom_0017_out\153.jpg,2,17
1564,../data/nyu_data/nyu2/furniture_store_0002b_out\390.jpg,12,19
1568,../data/nyu_data/nyu2/living_room_0083_out\137.jpg,17,9
1570,../data/nyu_data/nyu2/living_room_0020_out\196.jpg,17,12
1572,../data/nyu_data/nyu2/dining_room_0014_out\174.jpg,9,17
1578,../data/nyu_data/nyu2/living_room_0039_out\162.jpg,17,9
1580,../data/nyu_data/nyu2/bathroom_0049_out\37.jpg,1,18
1582,../data/nyu_data/nyu2/bookstore_0001j_out\206.jpg,3,5
1583,../data/nyu_data/nyu2/living_room_0069b_out\30.jpg,17,19
1587,../data/nyu_data/nyu2/playroom_0003_out\205.jpg,20,9
1588,../data/nyu_data/nyu2/bathroom_0016_out\42.jpg,1,17
1592,../data/nyu_data/nyu2/kitchen_0051_out\167.jpg,15,9
1593,../data/nyu_data/nyu2/kitchen_0016_out\116.jpg,15,18
1596,../data/nyu_data/nyu2/dining_room_0007_out\91.jpg,9,17
1597,../data/nyu_data/nyu2/office_0011_out\148.jpg,19,17
1600,../data/nyu_data/nyu2/kitchen_0050_out\161.jpg,15,17
1604,../data/nyu_data/nyu2/bookstore_0001g_out\302.jpg,3,18
1608,../data/nyu_data/nyu2/kitchen_0037_out\123.jpg,15,18
1611,../data/nyu_data/nyu2/bedroom_0120_out\73.jpg,2,17
1612,../data/nyu_data/nyu2/reception_room_0002_out\240.jpg,22,18
1613,../data/nyu_data/nyu2/bedroom_0062_out\32.jpg,2,17
1614,../data/nyu_data/nyu2/bedroom_0086_out\10.jpg,2,17
1615,../data/nyu_data/nyu2/bedroom_0069_out\105.jpg,2,17
1619,../data/nyu_data/nyu2/bedroom_0069_out\78.jpg,2,9
1622,../data/nyu_data/nyu2/bedroom_0136_out\29.jpg,2,9
1626,../data/nyu_data/nyu2/living_room_0019_out\288.jpg,17,2
1634,../data/nyu_data/nyu2/indoor_balcony_0001_out\39.jpg,14,17
1636,../data/nyu_data/nyu2/bedroom_0098_out\92.jpg,2,17
1637,../data/nyu_data/nyu2/study_0003_out\115.jpg,24,9
1638,../data/nyu_data/nyu2/bedroom_0132_out\9.jpg,2,17
1641,../data/nyu_data/nyu2/bathroom_0034_out\16.jpg,1,18
1651,../data/nyu_data/nyu2/excercise_room_0001_out\38.jpg,10,19
1652,../data/nyu_data/nyu2/bedroom_0094_out\4.jpg,2,9
1655,../data/nyu_data/nyu2/dining_room_0031_out\498.jpg,9,2
1658,../data/nyu_data/nyu2/home_storage_0001_out\107.jpg,13,9
1659,../data/nyu_data/nyu2/bedroom_0051_out\129.jpg,2,19
1661,../data/nyu_data/nyu2/kitchen_0053_out\128.jpg,15,17
1662,../data/nyu_data/nyu2/bathroom_0041_out\117.jpg,1,18
1663,../data/nyu_data/nyu2/kitchen_0019a_out\49.jpg,15,19
1668,../data/nyu_data/nyu2/kitchen_0043_out\317.jpg,15,9
1670,../data/nyu_data/nyu2/furniture_store_0001e_out\3.jpg,12,9
1678,../data/nyu_data/nyu2/bedroom_0100_out\80.jpg,2,17
1680,../data/nyu_data/nyu2/furniture_store_0001a_out\17.jpg,12,18
1684,../data/nyu_data/nyu2/home_office_0011_out\138.jpg,13,15
1685,../data/nyu_data/nyu2/living_room_0020_out\110.jpg,17,19
1688,../data/nyu_data/nyu2/bedroom_0012_out\76.jpg,2,17
1691,../data/nyu_data/nyu2/dining_room_0031_out\419.jpg,9,17
1692,../data/nyu_data/nyu2/bedroom_0129_out\112.jpg,2,15
1694,../data/nyu_data/nyu2/reception_room_0002_out\57.jpg,22,19
1696,../data/nyu_data/nyu2/furniture_store_0002b_out\125.jpg,12,17
1697,../data/nyu_data/nyu2/dining_room_0031_out\152.jpg,9,17
1698,../data/nyu_data/nyu2/dining_room_0037_out\82.jpg,9,17
1700,../data/nyu_data/nyu2/study_0004_out\65.jpg,24,15
1702,../data/nyu_data/nyu2/bedroom_0136_out\150.jpg,2,9
1705,../data/nyu_data/nyu2/study_0004_out\84.jpg,24,15
1706,../data/nyu_data/nyu2/home_office_0006_out\216.jpg,13,9
1708,../data/nyu_data/nyu2/living_room_0012_out\66.jpg,17,9
1710,../data/nyu_data/nyu2/bedroom_0072_out\60.jpg,2,1
1715,../data/nyu_data/nyu2/bedroom_0016_out\277.jpg,2,17
1717,../data/nyu_data/nyu2/home_office_0008_out\104.jpg,13,17
1721,../data/nyu_data/nyu2/dining_room_0012_out\95.jpg,9,15
1726,../data/nyu_data/nyu2/furniture_store_0002a_out\235.jpg,12,19
1730,../data/nyu_data/nyu2/bedroom_0140_out\202.jpg,2,17
1735,../data/nyu_data/nyu2/bookstore_0001f_out\97.jpg,3,4
1737,../data/nyu_data/nyu2/student_lounge_0001_out\223.jpg,23,9
1739,../data/nyu_data/nyu2/conference_room_0001_out\138.jpg,7,19
1743,../data/nyu_data/nyu2/bathroom_0002_out\64.jpg,1,15
1750,../data/nyu_data/nyu2/kitchen_0053_out\114.jpg,15,17
1752,../data/nyu_data/nyu2/bedroom_0038_out\18.jpg,2,15
1754,../data/nyu_data/nyu2/bedroom_0010_out\140.jpg,2,17
1756,../data/nyu_data/nyu2/dining_room_0014_out\83.jpg,9,17
1757,../data/nyu_data/nyu2/bedroom_0020_out\93.jpg,2,15
1762,../data/nyu_data/nyu2/bedroom_0063_out\85.jpg,2,15
1764,../data/nyu_data/nyu2/bedroom_0078_out\88.jpg,2,18
1765,../data/nyu_data/nyu2/furniture_store_0002b_out\321.jpg,12,19
1775,../data/nyu_data/nyu2/bedroom_0056b_out\59.jpg,2,17
1781,../data/nyu_data/nyu2/dining_room_0014_out\7.jpg,9,17
1791,../data/nyu_data/nyu2/conference_room_0002_out\16.jpg,7,15
1793,../data/nyu_data/nyu2/bedroom_0063_out\71.jpg,2,15
1795,../data/nyu_data/nyu2/study_room_0004_out\21.jpg,24,19
1798,../data/nyu_data/nyu2/bathroom_0039_out\57.jpg,1,9
1806,../data/nyu_data/nyu2/bookstore_0001f_out\171.jpg,3,18
1808,../data/nyu_data/nyu2/dining_room_0037_out\150.jpg,9,17
1810,../data/nyu_data/nyu2/student_lounge_0001_out\238.jpg,23,9
1817,../data/nyu_data/nyu2/home_storage_0001_out\63.jpg,13,9
1820,../data/nyu_data/nyu2/furniture_store_0002a_out\74.jpg,12,17
1831,../data/nyu_data/nyu2/bedroom_0098_out\103.jpg,2,17
1833,../data/nyu_data/nyu2/study_0008_out\29.jpg,24,17
1834,../data/nyu_data/nyu2/dining_room_0037_out\121.jpg,9,17
1837,../data/nyu_data/nyu2/bathroom_0035_out\34.jpg,1,17
1839,../data/nyu_data/nyu2/bathroom_0041_out\38.jpg,1,18
1841,../data/nyu_data/nyu2/bedroom_0051_out\191.jpg,2,16
1842,../data/nyu_data/nyu2/bedroom_0113_out\98.jpg,2,9
1844,../data/nyu_data/nyu2/bathroom_0041_out\3.jpg,1,18
1850,../data/nyu_data/nyu2/kitchen_0059_out\58.jpg,15,2
1851,../data/nyu_data/nyu2/furniture_store_0002b_out\10.jpg,12,18
1854,../data/nyu_data/nyu2/playroom_0006_out\195.jpg,20,17
1862,../data/nyu_data/nyu2/living_room_0082_out\65.jpg,17,15
1865,../data/nyu_data/nyu2/bathroom_0007_out\35.jpg,1,9
1867,../data/nyu_data/nyu2/kitchen_0051_out\487.jpg,15,2
1869,../data/nyu_data/nyu2/dining_room_0037_out\175.jpg,9,17
1870,../data/nyu_data/nyu2/furniture_store_0002b_out\269.jpg,12,22
1877,../data/nyu_data/nyu2/bedroom_0138_out\104.jpg,2,17
1883,../data/nyu_data/nyu2/home_office_0007_out\34.jpg,13,17
1884,../data/nyu_data/nyu2/bedroom_0096_out\24.jpg,2,17
1891,../data/nyu_data/nyu2/home_office_0008_out\203.jpg,13,15
1892,../data/nyu_data/nyu2/kitchen_0016_out\68.jpg,15,19
1895,../data/nyu_data/nyu2/dining_room_0014_out\70.jpg,9,17
1899,../data/nyu_data/nyu2/home_office_0005_out\125.jpg,13,15
1900,../data/nyu_data/nyu2/dining_room_0001b_out\33.jpg,9,17
1903,../data/nyu_data/nyu2/study_0004_out\59.jpg,24,15
1910,../data/nyu_data/nyu2/bathroom_0006_out\4.jpg,1,18
1913,../data/nyu_data/nyu2/bedroom_0104_out\4.jpg,2,17
1914,../data/nyu_data/nyu2/bedroom_0126_out\9.jpg,2,18
1916,../data/nyu_data/nyu2/classroom_0006_out\180.jpg,5,15
1920,../data/nyu_data/nyu2/furniture_store_0002b_out\145.jpg,12,17
1921,../data/nyu_data/nyu2/bedroom_0138_out\54.jpg,2,20
1924,../data/nyu_data/nyu2/home_office_0011_out\75.jpg,13,17
1926,../data/nyu_data/nyu2/furniture_store_0001e_out\72.jpg,12,15
1933,../data/nyu_data/nyu2/dining_room_0031_out\98.jpg,9,17
1940,../data/nyu_data/nyu2/kitchen_0029c_out\68.jpg,15,17
1941,../data/nyu_data/nyu2/bedroom_0129_out\78.jpg,2,17
1943,../data/nyu_data/nyu2/furniture_store_0001d_out\339.jpg,12,9
1944,../data/nyu_data/nyu2/bookstore_0001f_out\654.jpg,3,18
1945,../data/nyu_data/nyu2/office_0021_out\85.jpg,19,18
1949,../data/nyu_data/nyu2/kitchen_0050_out\190.jpg,15,17
1951,../data/nyu_data/nyu2/kitchen_0053_out\185.jpg,15,19
1954,../data/nyu_data/nyu2/excercise_room_0001_out\135.jpg,10,19
1958,../data/nyu_data/nyu2/kitchen_0043_out\309.jpg,15,17
1959,../data/nyu_data/nyu2/bathroom_0035_out\25.jpg,1,17
1960,../data/nyu_data/nyu2/kitchen_0016_out\129.jpg,15,18
1961,../data/nyu_data/nyu2/bedroom_0129_out\9.jpg,2,17
1964,../data/nyu_data/nyu2/bedroom_0017_out\160.jpg,2,17
1965,../data/nyu_data/nyu2/home_office_0011_out\61.jpg,13,15
1966,../data/nyu_data/nyu2/classroom_0018_out\23.jpg,5,9
1968,../data/nyu_data/nyu2/kitchen_0049_out\246.jpg,15,9
1970,../data/nyu_data/nyu2/living_room_0019_out\325.jpg,17,19
1972,../data/nyu_data/nyu2/dining_room_0019_out\67.jpg,9,19
1976,../data/nyu_data/nyu2/bathroom_0030_out\32.jpg,1,17
1977,../data/nyu_data/nyu2/conference_room_0001_out\128.jpg,7,19
1978,../data/nyu_data/nyu2/bathroom_0056_out\56.jpg,1,9
1982,../data/nyu_data/nyu2/reception_room_0002_out\53.jpg,22,18
1983,../data/nyu_data/nyu2/bedroom_0076a_out\104.jpg,2,17
1986,../data/nyu_data/nyu2/dining_room_0012_out\254.jpg,9,17
1987,../data/nyu_data/nyu2/bedroom_0026_out\105.jpg,2,15
1991,../data/nyu_data/nyu2/bedroom_0140_out\208.jpg,2,17
1994,../data/nyu_data/nyu2/living_room_0039_out\107.jpg,17,19
1998,../data/nyu_data/nyu2/bedroom_0124_out\53.jpg,2,18
2003,../data/nyu_data/nyu2/bathroom_0057_out\24.jpg,1,15
2004,../data/nyu_data/nyu2/bedroom_0017_out\158.jpg,2,17
2010,../data/nyu_data/nyu2/bedroom_0019_out\199.jpg,2,17
2013,../data/nyu_data/nyu2/dining_room_0031_out\266.jpg,9,17
2014,../data/nyu_data/nyu2/home_storage_0001_out\172.jpg,13,9
2016,../data/nyu_data/nyu2/kitchen_0019a_out\128.jpg,15,2
2017,../data/nyu_data/nyu2/kitchen_0037_out\106.jpg,15,19
2018,../data/nyu_data/nyu2/bedroom_0078_out\168.jpg,2,9
2020,../data/nyu_data/nyu2/bedroom_0072_out\61.jpg,2,1
2022,../data/nyu_data/nyu2/dining_room_0031_out\572.jpg,9,2
2024,../data/nyu_data/nyu2/bathroom_0033_out\22.jpg,1,18
2025,../data/nyu_data/nyu2/study_room_0005b_out\125.jpg,24,18
2028,../data/nyu_data/nyu2/study_0003_out\111.jpg,24,9
2042,../data/nyu_data/nyu2/living_room_0069a_out\108.jpg,17,18
2043,../data/nyu_data/nyu2/kitchen_0043_out\204.jpg,15,9
2046,../data/nyu_data/nyu2/living_room_0019_out\339.jpg,17,19
2049,../data/nyu_data/nyu2/bedroom_0136_out\56.jpg,2,19
2050,../data/nyu_data/nyu2/dining_room_0010_out\12.jpg,9,19
2051,../data/nyu_data/nyu2/classroom_0006_out\249.jpg,5,15
2055,../data/nyu_data/nyu2/kitchen_0037_out\165.jpg,15,18
2058,../data/nyu_data/nyu2/office_0004_out\145.jpg,19,18
2062,../data/nyu_data/nyu2/dining_room_0019_out\57.jpg,9,19
2072,../data/nyu_data/nyu2/kitchen_0031_out\108.jpg,15,9
2076,../data/nyu_data/nyu2/kitchen_0019a_out\106.jpg,15,2
2087,../data/nyu_data/nyu2/dining_room_0015_out\207.jpg,9,19
2093,../data/nyu_data/nyu2/dining_room_0023_out\249.jpg,9,19
2095,../data/nyu_data/nyu2/kitchen_0053_out\60.jpg,15,19
2096,../data/nyu_data/nyu2/furniture_store_0002a_out\272.jpg,12,2
2101,../data/nyu_data/nyu2/dining_room_0012_out\155.jpg,9,2
2108,../data/nyu_data/nyu2/bathroom_0039_out\4.jpg,1,17
2111,../data/nyu_data/nyu2/bedroom_0138_out\115.jpg,2,17
2113,../data/nyu_data/nyu2/kitchen_0052_out\254.jpg,15,9
2118,../data/nyu_data/nyu2/dining_room_0007_out\49.jpg,9,17
2122,../data/nyu_data/nyu2/study_room_0005b_out\91.jpg,24,18
2125,../data/nyu_data/nyu2/bathroom_0050_out\16.jpg,1,18
2127,../data/nyu_data/nyu2/bedroom_0074_out\176.jpg,2,9
2128,../data/nyu_data/nyu2/bedroom_0016_out\225.jpg,2,17
2131,../data/nyu_data/nyu2/bookstore_0001j_out\115.jpg,3,18
2132,../data/nyu_data/nyu2/bathroom_0034_out\42.jpg,1,18
2134,../data/nyu_data/nyu2/bedroom_0086_out\11.jpg,2,17
2137,../data/nyu_data/nyu2/bedroom_0010_out\38.jpg,2,15
2138,../data/nyu_data/nyu2/furniture_store_0002b_out\171.jpg,12,17
2143,../data/nyu_data/nyu2/study_0008_out\30.jpg,24,17
2144,../data/nyu_data/nyu2/bookstore_0001g_out\150.jpg,3,19
2145,../data/nyu_data/nyu2/bedroom_0104_out\129.jpg,2,17
2146,../data/nyu_data/nyu2/furniture_store_0002c_out\3.jpg,12,19
2151,../data/nyu_data/nyu2/bedroom_0056b_out\27.jpg,2,17
2152,../data/nyu_data/nyu2/living_room_0069a_out\38.jpg,17,18
2153,../data/nyu_data/nyu2/dinette_0001_out\1.jpg,8,2
2154,../data/nyu_data/nyu2/dining_room_0023_out\223.jpg,9,17
2161,../data/nyu_data/nyu2/classroom_0010_out\30.jpg,5,19
2164,../data/nyu_data/nyu2/furniture_store_0001e_out\91.jpg,12,19
2181,../data/nyu_data/nyu2/bathroom_0010_out\34.jpg,1,2
2182,../data/nyu_data/nyu2/bedroom_0060_out\97.jpg,2,18
2186,../data/nyu_data/nyu2/dining_room_0037_out\8.jpg,9,17
2189,../data/nyu_data/nyu2/bedroom_0017_out\128.jpg,2,17
2190,../data/nyu_data/nyu2/bedroom_0120_out\95.jpg,2,17
2199,../data/nyu_data/nyu2/kitchen_0043_out\350.jpg,15,17
2202,../data/nyu_data/nyu2/living_room_0020_out\236.jpg,17,19
2207,../data/nyu_data/nyu2/bathroom_0007_out\79.jpg,1,9
2223,../data/nyu_data/nyu2/furniture_store_0001a_out\56.jpg,12,19
2225,../data/nyu_data/nyu2/living_room_0020_out\288.jpg,17,9
2226,../data/nyu_data/nyu2/living_room_0020_out\94.jpg,17,19
2228,../data/nyu_data/nyu2/conference_room_0001_out\103.jpg,7,15
2229,../data/nyu_data/nyu2/bedroom_0041_out\44.jpg,2,17
2230,../data/nyu_data/nyu2/bedroom_0040_out\34.jpg,2,19
2232,../data/nyu_data/nyu2/bathroom_0041_out\84.jpg,1,24
2233,../data/nyu_data/nyu2/dining_room_0014_out\108.jpg,9,17
2236,../data/nyu_data/nyu2/kitchen_0019a_out\241.jpg,15,9
2239,../data/nyu_data/nyu2/bedroom_0078_out\195.jpg,2,9
2242,../data/nyu_data/nyu2/dining_room_0012_out\224.jpg,9,17
2249,../data/nyu_data/nyu2/bookstore_0001g_out\313.jpg,3,18
2250,../data/nyu_data/nyu2/dining_room_0037_out\180.jpg,9,17
2258,../data/nyu_data/nyu2/bedroom_0050_out\85.jpg,2,19
2261,../data/nyu_data/nyu2/conference_room_0001_out\20.jpg,7,15
2263,../data/nyu_data/nyu2/bedroom_0140_out\180.jpg,2,9
2268,../data/nyu_data/nyu2/bathroom_0028_out\127.jpg,1,18
2269,../data/nyu_data/nyu2/bedroom_0052_out\122.jpg,2,19
2270,../data/nyu_data/nyu2/bathroom_0028_out\231.jpg,1,18
2272,../data/nyu_data/nyu2/furniture_store_0002a_out\270.jpg,12,17
2276,../data/nyu_data/nyu2/bedroom_0069_out\10.jpg,2,17
2277,../data/nyu_data/nyu2/bedroom_0051_out\8.jpg,2,16
2278,../data/nyu_data/nyu2/bedroom_0069_out\106.jpg,2,18
2280,../data/nyu_data/nyu2/kitchen_0019a_out\92.jpg,15,17
2281,../data/nyu_data/nyu2/dining_room_0034_out\146.jpg,9,19
2282,../data/nyu_data/nyu2/kitchen_0041_out\59.jpg,15,9
2284,../data/nyu_data/nyu2/living_room_0020_out\68.jpg,17,19
2286,../data/nyu_data/nyu2/bedroom_0060_out\36.jpg,2,18
2290,../data/nyu_data/nyu2/nyu_office_1_out\99.jpg,18,20
2298,../data/nyu_data/nyu2/bathroom_0024_out\24.jpg,1,18
2301,../data/nyu_data/nyu2/playroom_0002_out\102.jpg,20,9
2302,../data/nyu_data/nyu2/kitchen_0051_out\331.jpg,15,9
2311,../data/nyu_data/nyu2/kitchen_0031_out\115.jpg,15,9
2312,../data/nyu_data/nyu2/furniture_store_0002a_out\181.jpg,12,9
2316,../data/nyu_data/nyu2/bookstore_0001j_out\427.jpg,3,19
2317,../data/nyu_data/nyu2/living_room_0010_out\312.jpg,17,2
2319,../data/nyu_data/nyu2/furniture_store_0002b_out\110.jpg,12,17
2320,../data/nyu_data/nyu2/nyu_office_1_out\115.jpg,18,17
2321,../data/nyu_data/nyu2/kitchen_0031_out\224.jpg,15,16
2323,../data/nyu_data/nyu2/living_room_0069a_out\86.jpg,17,18
2338,../data/nyu_data/nyu2/bedroom_0071_out\263.jpg,2,17
2339,../data/nyu_data/nyu2/living_room_0069a_out\88.jpg,17,18
2340,../data/nyu_data/nyu2/home_office_0011_out\3.jpg,13,17
2342,../data/nyu_data/nyu2/dining_room_0031_out\563.jpg,9,15
2343,../data/nyu_data/nyu2/furniture_store_0002b_out\167.jpg,12,17
2349,../data/nyu_data/nyu2/playroom_0002_out\1.jpg,20,19
2355,../data/nyu_data/nyu2/bedroom_0014_out\103.jpg,2,9
2358,../data/nyu_data/nyu2/bedroom_0136_out\31.jpg,2,19
2361,../data/nyu_data/nyu2/living_room_0038_out\73.jpg,17,18
2364,../data/nyu_data/nyu2/bathroom_0002_out\34.jpg,1,17
2365,../data/nyu_data/nyu2/bedroom_0113_out\158.jpg,2,17
2368,../data/nyu_data/nyu2/dining_room_0031_out\29.jpg,9,16
2373,../data/nyu_data/nyu2/reception_room_0002_out\171.jpg,22,18
2379,../data/nyu_data/nyu2/classroom_0006_out\162.jpg,5,15
2383,../data/nyu_data/nyu2/bookstore_0001f_out\217.jpg,3,18
2387,../data/nyu_data/nyu2/kitchen_0050_out\302.jpg,15,2
2389,../data/nyu_data/nyu2/conference_room_0002_out\32.jpg,7,19
2401,../data/nyu_data/nyu2/furniture_store_0002a_out\137.jpg,12,15
2403,../data/nyu_data/nyu2/living_room_0055_out\204.jpg,17,9
2404,../data/nyu_data/nyu2/bedroom_0020_out\63.jpg,2,17
2405,../data/nyu_data/nyu2/home_office_0008_out\200.jpg,13,17
2415,../data/nyu_data/nyu2/playroom_0002_out\63.jpg,20,9
2416,../data/nyu_data/nyu2/kitchen_0017_out\21.jpg,15,18
2418,../data/nyu_data/nyu2/bedroom_0100_out\77.jpg,2,17
2421,../data/nyu_data/nyu2/reception_room_0002_out\217.jpg,22,19
2426,../data/nyu_data/nyu2/bedroom_0029_out\94.jpg,2,9
2427,../data/nyu_data/nyu2/bathroom_0028_out\146.jpg,1,18
2428,../data/nyu_data/nyu2/furniture_store_0002b_out\290.jpg,12,19
2429,../data/nyu_data/nyu2/bedroom_0019_out\58.jpg,2,9
2430,../data/nyu_data/nyu2/kitchen_0031_out\286.jpg,15,17
2432,../data/nyu_data/nyu2/dining_room_0014_out\113.jpg,9,17
2435,../data/nyu_data/nyu2/dining_room_0031_out\567.jpg,9,16
2442,../data/nyu_data/nyu2/home_office_0004_out\59.jpg,13,19
2445,../data/nyu_data/nyu2/living_room_0020_out\226.jpg,17,19
2457,../data/nyu_data/nyu2/dining_room_0007_out\147.jpg,9,15
2458,../data/nyu_data/nyu2/home_office_0006_out\246.jpg,13,17
2459,../data/nyu_data/nyu2/reception_room_0002_out\63.jpg,22,18
2461,../data/nyu_data/nyu2/dining_room_0012_out\1.jpg,9,17
2463,../data/nyu_data/nyu2/dining_room_0015_out\95.jpg,9,15
2464,../data/nyu_data/nyu2/reception_room_0002_out\128.jpg,22,19
2465,../data/nyu_data/nyu2/bedroom_0136_out\123.jpg,2,19
2466,../data/nyu_data/nyu2/bathroom_0013_out\105.jpg,1,18
2467,../data/nyu_data/nyu2/bedroom_0020_out\123.jpg,2,15
2475,../data/nyu_data/nyu2/bedroom_0012_out\4.jpg,2,17
2478,../data/nyu_data/nyu2/home_office_0004_out\39.jpg,13,3
2482,../data/nyu_data/nyu2/living_room_0069b_out\96.jpg,17,2
2484,../data/nyu_data/nyu2/bedroom_0012_out\109.jpg,2,17
2490,../data/nyu_data/nyu2/bedroom_0004_out\96.jpg,2,17
2492,../data/nyu_data/nyu2/nyu_office_0_out\79.jpg,18,9
2495,../data/nyu_data/nyu2/living_room_0069a_out\52.jpg,17,19
2497,../data/nyu_data/nyu2/bedroom_0113_out\159.jpg,2,17
2500,../data/nyu_data/nyu2/bedroom_0125b_out\120.jpg,2,1
2513,../data/nyu_data/nyu2/bedroom_0004_out\211.jpg,2,17
2514,../data/nyu_data/nyu2/bedroom_0079_out\17.jpg,2,17
2519,../data/nyu_data/nyu2/furniture_store_0001b_out\132.jpg,12,19
2526,../data/nyu_data/nyu2/bedroom_0136_out\154.jpg,2,15
2527,../data/nyu_data/nyu2/bedroom_0019_out\195.jpg,2,17
2529,../data/nyu_data/nyu2/living_room_0069a_out\114.jpg,17,18
2534,../data/nyu_data/nyu2/home_storage_0001_out\64.jpg,13,9
2537,../data/nyu_data/nyu2/kitchen_0053_out\353.jpg,15,2
2541,../data/nyu_data/nyu2/dining_room_0031_out\283.jpg,9,17
2542,../data/nyu_data/nyu2/kitchen_0031_out\301.jpg,15,2
2547,../data/nyu_data/nyu2/bathroom_0049_out\62.jpg,1,18
2560,../data/nyu_data/nyu2/living_room_0058_out\140.jpg,17,15
2565,../data/nyu_data/nyu2/bedroom_0090_out\24.jpg,2,17
2566,../data/nyu_data/nyu2/bathroom_0030_out\13.jpg,1,9
2567,../data/nyu_data/nyu2/kitchen_0045b_out\67.jpg,15,22
2573,../data/nyu_data/nyu2/dining_room_0029_out\31.jpg,9,17
2576,../data/nyu_data/nyu2/dining_room_0031_out\288.jpg,9,17
2579,../data/nyu_data/nyu2/bedroom_0062_out\37.jpg,2,17
2580,../data/nyu_data/nyu2/dining_room_0010_out\131.jpg,9,19
2581,../data/nyu_data/nyu2/conference_room_0001_out\146.jpg,7,19
2582,../data/nyu_data/nyu2/playroom_0004_out\157.jpg,20,15
2583,../data/nyu_data/nyu2/dining_room_0015_out\210.jpg,9,15
2584,../data/nyu_data/nyu2/kitchen_0041_out\38.jpg,15,17
2588,../data/nyu_data/nyu2/dining_room_0031_out\38.jpg,9,17
2593,../data/nyu_data/nyu2/dining_room_0019_out\19.jpg,9,19
2594,../data/nyu_data/nyu2/student_lounge_0001_out\226.jpg,23,9
2595,../data/nyu_data/nyu2/playroom_0002_out\218.jpg,20,17
2596,../data/nyu_data/nyu2/bedroom_0129_out\127.jpg,2,17
2597,../data/nyu_data/nyu2/furniture_store_0002a_out\163.jpg,12,9
2599,../data/nyu_data/nyu2/furniture_store_0002c_out\57.jpg,12,17
2600,../data/nyu_data/nyu2/reception_room_0002_out\121.jpg,22,18
2601,../data/nyu_data/nyu2/furniture_store_0001f_out\4.jpg,12,15
2602,../data/nyu_data/nyu2/conference_room_0002_out\45.jpg,7,15
2604,../data/nyu_data/nyu2/kitchen_0051_out\286.jpg,15,9
2605,../data/nyu_data/nyu2/living_room_0058_out\141.jpg,17,15
2606,../data/nyu_data/nyu2/bedroom_0096_out\92.jpg,2,15
2613,../data/nyu_data/nyu2/bedroom_0021_out\71.jpg,2,19
2617,../data/nyu_data/nyu2/furniture_store_0001c_out\37.jpg,12,19
2621,../data/nyu_data/nyu2/kitchen_0006_out\8.jpg,15,17
2624,../data/nyu_data/nyu2/living_room_0020_out\100.jpg,17,19
2626,../data/nyu_data/nyu2/bedroom_0120_out\9.jpg,2,17
2633,../data/nyu_data/nyu2/dining_room_0014_out\158.jpg,9,17
2638,../data/nyu_data/nyu2/furniture_store_0002b_out\217.jpg,12,17
2641,../data/nyu_data/nyu2/living_room_0019_out\224.jpg,17,15
2659,../data/nyu_data/nyu2/bedroom_0072_out\130.jpg,2,17
2665,../data/nyu_data/nyu2/kitchen_0037_out\139.jpg,15,19
2668,../data/nyu_data/nyu2/dining_room_0031_out\483.jpg,9,15
2669,../data/nyu_data/nyu2/kitchen_0035b_out\121.jpg,15,17
2670,../data/nyu_data/nyu2/printer_room_0001_out\84.jpg,21,19
2671,../data/nyu_data/nyu2/bedroom_0104_out\34.jpg,2,17
2672,../data/nyu_data/nyu2/office_0011_out\151.jpg,19,15
2677,../data/nyu_data/nyu2/office_0011_out\152.jpg,19,17
2678,../data/nyu_data/nyu2/playroom_0003_out\301.jpg,20,9
2679,../data/nyu_data/nyu2/dining_room_0023_out\229.jpg,9,17
2680,../data/nyu_data/nyu2/bedroom_0113_out\93.jpg,2,16
2682,../data/nyu_data/nyu2/study_0004_out\95.jpg,24,15
2683,../data/nyu_data/nyu2/excercise_room_0001_out\18.jpg,10,19
2686,../data/nyu_data/nyu2/study_room_0005b_out\114.jpg,24,18
2688,../data/nyu_data/nyu2/bedroom_0079_out\29.jpg,2,17
2692,../data/nyu_data/nyu2/furniture_store_0002b_out\357.jpg,12,24
2696,../data/nyu_data/nyu2/kitchen_0050_out\220.jpg,15,17
2699,../data/nyu_data/nyu2/home_office_0011_out\66.jpg,13,17
2700,../data/nyu_data/nyu2/bedroom_0047_out\67.jpg,2,17
2701,../data/nyu_data/nyu2/office_0003_out\22.jpg,19,17
2704,../data/nyu_data/nyu2/classroom_0011_out\35.jpg,5,0
2706,../data/nyu_data/nyu2/kitchen_0028b_out\90.jpg,15,2
2713,../data/nyu_data/nyu2/dining_room_0012_out\90.jpg,9,17
2714,../data/nyu_data/nyu2/bedroom_0063_out\167.jpg,2,15
2720,../data/nyu_data/nyu2/living_room_0069a_out\51.jpg,17,2
2722,../data/nyu_data/nyu2/bedroom_0042_out\47.jpg,2,17
2729,../data/nyu_data/nyu2/reception_room_0002_out\143.jpg,22,18
2732,../data/nyu_data/nyu2/bathroom_0057_out\39.jpg,1,16
2734,../data/nyu_data/nyu2/bathroom_0042_out\12.jpg,1,9
2735,../data/nyu_data/nyu2/conference_room_0001_out\96.jpg,7,15
2740,../data/nyu_data/nyu2/cafe_0001c_out\59.jpg,4,17
2742,../data/nyu_data/nyu2/bedroom_0057_out\5.jpg,2,15
2745,../data/nyu_data/nyu2/bookstore_0001f_out\155.jpg,3,18
2747,../data/nyu_data/nyu2/dining_room_0016_out\202.jpg,9,19
2748,../data/nyu_data/nyu2/bedroom_0020_out\26.jpg,2,17
2750,../data/nyu_data/nyu2/dining_room_0015_out\162.jpg,9,19
2752,../data/nyu_data/nyu2/bathroom_0030_out\68.jpg,1,17
2753,../data/nyu_data/nyu2/kitchen_0019a_out\340.jpg,15,19
2756,../data/nyu_data/nyu2/excercise_room_0001_out\149.jpg,10,19
2769,../data/nyu_data/nyu2/kitchen_0017_out\9.jpg,15,2
2771,../data/nyu_data/nyu2/home_storage_0001_out\73.jpg,13,9
2772,../data/nyu_data/nyu2/classroom_0022_out\109.jpg,5,0
2773,../data/nyu_data/nyu2/bedroom_0125b_out\115.jpg,2,1
2774,../data/nyu_data/nyu2/bedroom_0035_out\50.jpg,2,17
2778,../data/nyu_data/nyu2/conference_room_0001_out\60.jpg,7,19
2779,../data/nyu_data/nyu2/bathroom_0016_out\33.jpg,1,17
2781,../data/nyu_data/nyu2/bedroom_0069_out\101.jpg,2,17
2782,../data/nyu_data/nyu2/office_0019_out\77.jpg,19,17
2788,../data/nyu_data/nyu2/bedroom_0072_out\223.jpg,2,17
2789,../data/nyu_data/nyu2/study_room_0005b_out\2.jpg,24,18
2792,../data/nyu_data/nyu2/dining_room_0001b_out\318.jpg,9,17
2793,../data/nyu_data/nyu2/furniture_store_0002a_out\161.jpg,12,15
2797,../data/nyu_data/nyu2/bedroom_0072_out\174.jpg,2,17
2798,../data/nyu_data/nyu2/kitchen_0031_out\295.jpg,15,2
2799,../data/nyu_data/nyu2/bedroom_0120_out\50.jpg,2,17
2801,../data/nyu_data/nyu2/reception_room_0002_out\33.jpg,22,9
2802,../data/nyu_data/nyu2/bedroom_0056b_out\5.jpg,2,17
2805,../data/nyu_data/nyu2/kitchen_0031_out\268.jpg,15,17
2820,../data/nyu_data/nyu2/bedroom_0050_out\154.jpg,2,19
2821,../data/nyu_data/nyu2/kitchen_0051_out\219.jpg,15,22
2829,../data/nyu_data/nyu2/playroom_0003_out\17.jpg,20,9
2831,../data/nyu_data/nyu2/classroom_0018_out\5.jpg,5,9
2832,../data/nyu_data/nyu2/furniture_store_0001d_out\37.jpg,12,19
2833,../data/nyu_data/nyu2/furniture_store_0002d_out\39.jpg,12,15
2834,../data/nyu_data/nyu2/bedroom_0010_out\47.jpg,2,15
2836,../data/nyu_data/nyu2/living_room_0062_out\78.jpg,17,15
2838,../data/nyu_data/nyu2/dining_room_0037_out\68.jpg,9,17
2839,../data/nyu_data/nyu2/playroom_0004_out\139.jpg,20,17
2840,../data/nyu_data/nyu2/bedroom_0056b_out\67.jpg,2,17
2841,../data/nyu_data/nyu2/bedroom_0051_out\142.jpg,2,9
2842,../data/nyu_data/nyu2/furniture_store_0001a_out\79.jpg,12,19
2844,../data/nyu_data/nyu2/living_room_0022_out\173.jpg,17,19
2845,../data/nyu_data/nyu2/bathroom_0049_out\8.jpg,1,18
2856,../data/nyu_data/nyu2/classroom_0004_out\135.jpg,5,19
2857,../data/nyu_data/nyu2/kitchen_0052_out\247.jpg,15,9
2858,../data/nyu_data/nyu2/bedroom_0052_out\186.jpg,2,15
2859,../data/nyu_data/nyu2/bedroom_0136_out\88.jpg,2,17
2869,../data/nyu_data/nyu2/nyu_office_0_out\485.jpg,18,9
2872,../data/nyu_data/nyu2/bathroom_0057_out\42.jpg,1,16
2873,../data/nyu_data/nyu2/furniture_store_0001c_out\38.jpg,12,19
2877,../data/nyu_data/nyu2/office_0004_out\57.jpg,19,17
2893,../data/nyu_data/nyu2/classroom_0004_out\30.jpg,5,19
2900,../data/nyu_data/nyu2/bathroom_0030_out\59.jpg,1,17
2906,../data/nyu_data/nyu2/bedroom_0042_out\34.jpg,2,17
2908,../data/nyu_data/nyu2/conference_room_0001_out\19.jpg,7,15
2909,../data/nyu_data/nyu2/classroom_0022_out\70.jpg,5,2
2911,../data/nyu_data/nyu2/bedroom_0056b_out\47.jpg,2,17
2913,../data/nyu_data/nyu2/kitchen_0033_out\226.jpg,15,17
2914,../data/nyu_data/nyu2/home_office_0006_out\238.jpg,13,15
2920,../data/nyu_data/nyu2/furniture_store_0002a_out\66.jpg,12,9
2921,../data/nyu_data/nyu2/playroom_0003_out\260.jpg,20,9
2924,../data/nyu_data/nyu2/bookstore_0001f_out\443.jpg,3,4
2937,../data/nyu_data/nyu2/classroom_0018_out\15.jpg,5,19
2947,../data/nyu_data/nyu2/kitchen_0052_out\182.jpg,15,9
2948,../data/nyu_data/nyu2/bookstore_0001f_out\633.jpg,3,19
2953,../data/nyu_data/nyu2/bookstore_0001g_out\268.jpg,3,9
2955,../data/nyu_data/nyu2/bathroom_0014a_out\112.jpg,1,17
2963,../data/nyu_data/nyu2/home_office_0004_out\70.jpg,13,19
2968,../data/nyu_data/nyu2/bathroom_0039_out\101.jpg,1,9
2972,../data/nyu_data/nyu2/playroom_0003_out\129.jpg,20,2
2973,../data/nyu_data/nyu2/kitchen_0019a_out\378.jpg,15,19
2975,../data/nyu_data/nyu2/bathroom_0051_out\58.jpg,1,15
2977,../data/nyu_data/nyu2/furniture_store_0001d_out\343.jpg,12,17
2984,../data/nyu_data/nyu2/bedroom_0072_out\121.jpg,2,17
2987,../data/nyu_data/nyu2/kitchen_0045a_out\72.jpg,15,2
2989,../data/nyu_data/nyu2/kitchen_0041_out\61.jpg,15,9
2991,../data/nyu_data/nyu2/furniture_store_0002b_out\41.jpg,12,17
2995,../data/nyu_data/nyu2/dining_room_0014_out\169.jpg,9,17
2999,../data/nyu_data/nyu2/bedroom_0004_out\156.jpg,2,17
3000,../data/nyu_data/nyu2/playroom_0002_out\162.jpg,20,17
3004,../data/nyu_data/nyu2/study_room_0005b_out\83.jpg,24,18
3005,../data/nyu_data/nyu2/classroom_0006_out\219.jpg,5,19
3007,../data/nyu_data/nyu2/bedroom_0120_out\122.jpg,2,1
3009,../data/nyu_data/nyu2/living_room_0012_out\121.jpg,17,9
3012,../data/nyu_data/nyu2/dining_room_0023_out\1.jpg,9,17
3015,../data/nyu_data/nyu2/bedroom_0017_out\165.jpg,2,17
3016,../data/nyu_data/nyu2/kitchen_0050_out\69.jpg,15,17
3019,../data/nyu_data/nyu2/bedroom_0063_out\193.jpg,2,15
3021,../data/nyu_data/nyu2/furniture_store_0002b_out\339.jpg,12,19
3026,../data/nyu_data/nyu2/dining_room_0029_out\140.jpg,9,19
3028,../data/nyu_data/nyu2/bedroom_0016_out\186.jpg,2,17
3031,../data/nyu_data/nyu2/bookstore_0001g_out\312.jpg,3,18
3032,../data/nyu_data/nyu2/bedroom_0125b_out\112.jpg,2,17
3037,../data/nyu_data/nyu2/bedroom_0047_out\19.jpg,2,15
3038,../data/nyu_data/nyu2/bedroom_0029_out\97.jpg,2,9
3046,../data/nyu_data/nyu2/bedroom_0081_out\10.jpg,2,17
3047,../data/nyu_data/nyu2/bookstore_0001f_out\161.jpg,3,18
3048,../data/nyu_data/nyu2/bathroom_0028_out\52.jpg,1,2
3049,../data/nyu_data/nyu2/bathroom_0001_out\29.jpg,1,15
3054,../data/nyu_data/nyu2/dining_room_0007_out\2.jpg,9,17
3056,../data/nyu_data/nyu2/home_office_0011_out\18.jpg,13,2
3058,../data/nyu_data/nyu2/bedroom_0120_out\52.jpg,2,17
3063,../data/nyu_data/nyu2/bookstore_0001j_out\96.jpg,3,18
3068,../data/nyu_data/nyu2/kitchen_0016_out\147.jpg,15,18
3069,../data/nyu_data/nyu2/kitchen_0028a_out\7.jpg,15,9
3073,../data/nyu_data/nyu2/kitchen_0031_out\282.jpg,15,9
3080,../data/nyu_data/nyu2/bedroom_0020_out\43.jpg,2,17
3081,../data/nyu_data/nyu2/classroom_0004_out\6.jpg,5,19
3084,../data/nyu_data/nyu2/bookstore_0001f_out\172.jpg,3,18
3087,../data/nyu_data/nyu2/home_office_0013_out\118.jpg,13,17
3094,../data/nyu_data/nyu2/bathroom_0056_out\14.jpg,1,9
3100,../data/nyu_data/nyu2/bedroom_0040_out\54.jpg,2,16
3101,../data/nyu_data/nyu2/bedroom_0086_out\1.jpg,2,17
3102,../data/nyu_data/nyu2/dining_room_0012_out\66.jpg,9,17
3104,../data/nyu_data/nyu2/kitchen_0043_out\320.jpg,15,4
3106,../data/nyu_data/nyu2/home_office_0011_out\46.jpg,13,2
3107,../data/nyu_data/nyu2/bathroom_0056_out\77.jpg,1,9
3108,../data/nyu_data/nyu2/kitchen_0019a_out\373.jpg,15,19
3109,../data/nyu_data/nyu2/bedroom_0010_out\51.jpg,2,15
3116,../data/nyu_data/nyu2/bedroom_0019_out\143.jpg,2,9
3119,../data/nyu_data/nyu2/furniture_store_0001c_out\11.jpg,12,9
3122,../data/nyu_data/nyu2/bedroom_0071_out\163.jpg,2,17
3127,../data/nyu_data/nyu2/home_office_0005_out\3.jpg,13,17
3129,../data/nyu_data/nyu2/bedroom_0065_out\54.jpg,2,18
3132,../data/nyu_data/nyu2/nyu_office_0_out\286.jpg,18,19
3134,../data/nyu_data/nyu2/bedroom_0020_out\96.jpg,2,17
3144,../data/nyu_data/nyu2/bedroom_0025_out\47.jpg,2,18
3147,../data/nyu_data/nyu2/home_office_0008_out\97.jpg,13,17
3148,../data/nyu_data/nyu2/bedroom_0120_out\65.jpg,2,17
3149,../data/nyu_data/nyu2/kitchen_0052_out\202.jpg,15,9
3156,../data/nyu_data/nyu2/bathroom_0001_out\15.jpg,1,15
3160,../data/nyu_data/nyu2/kitchen_0019a_out\165.jpg,15,17
3161,../data/nyu_data/nyu2/home_office_0006_out\1.jpg,13,9
3162,../data/nyu_data/nyu2/bedroom_0063_out\165.jpg,2,15
3163,../data/nyu_data/nyu2/bedroom_0078_out\222.jpg,2,9
3164,../data/nyu_data/nyu2/bedroom_0081_out\4.jpg,2,17
3165,../data/nyu_data/nyu2/dining_room_0014_out\157.jpg,9,17
3166,../data/nyu_data/nyu2/basement_0001a_out\50.jpg,0,16
3169,../data/nyu_data/nyu2/dining_room_0031_out\147.jpg,9,17
3174,../data/nyu_data/nyu2/bathroom_0024_out\4.jpg,1,18
3176,../data/nyu_data/nyu2/bedroom_0113_out\7.jpg,2,17
3178,../data/nyu_data/nyu2/reception_room_0001b_out\175.jpg,22,2
3179,../data/nyu_data/nyu2/bedroom_0017_out\145.jpg,2,17
3180,../data/nyu_data/nyu2/student_lounge_0001_out\8.jpg,23,1
3181,../data/nyu_data/nyu2/kitchen_0035b_out\410.jpg,15,18
3182,../data/nyu_data/nyu2/living_room_0047b_out\114.jpg,17,15
3187,../data/nyu_data/nyu2/bedroom_0138_out\107.jpg,2,17
3188,../data/nyu_data/nyu2/nyu_office_1_out\49.jpg,18,17
3195,../data/nyu_data/nyu2/furniture_store_0002b_out\370.jpg,12,19
3210,../data/nyu_data/nyu2/bedroom_0019_out\3.jpg,2,17
3211,../data/nyu_data/nyu2/bathroom_0057_out\47.jpg,1,16
3214,../data/nyu_data/nyu2/bedroom_0129_out\86.jpg,2,17
3215,../data/nyu_data/nyu2/bedroom_0106_out\129.jpg,2,1
3221,../data/nyu_data/nyu2/dining_room_0007_out\252.jpg,9,17
3222,../data/nyu_data/nyu2/bookstore_0001g_out\246.jpg,3,19
3224,../data/nyu_data/nyu2/bedroom_0072_out\154.jpg,2,17
3228,../data/nyu_data/nyu2/kitchen_0028a_out\132.jpg,15,19
3237,../data/nyu_data/nyu2/playroom_0003_out\261.jpg,20,9
3240,../data/nyu_data/nyu2/living_room_0012_out\12.jpg,17,9
3243,../data/nyu_data/nyu2/study_room_0005b_out\86.jpg,24,18
3244,../data/nyu_data/nyu2/bedroom_0042_out\6.jpg,2,17
3254,../data/nyu_data/nyu2/study_0003_out\140.jpg,24,9
3256,../data/nyu_data/nyu2/bathroom_0007_out\61.jpg,1,9
3257,../data/nyu_data/nyu2/reception_room_0001b_out\167.jpg,22,9
3258,../data/nyu_data/nyu2/bedroom_0072_out\98.jpg,2,17
3260,../data/nyu_data/nyu2/bedroom_0096_out\56.jpg,2,15
3261,../data/nyu_data/nyu2/home_office_0006_out\82.jpg,13,15
3263,../data/nyu_data/nyu2/bedroom_0042_out\78.jpg,2,17
3264,../data/nyu_data/nyu2/furniture_store_0001a_out\18.jpg,12,24
3265,../data/nyu_data/nyu2/bedroom_0056a_out\67.jpg,2,18
3267,../data/nyu_data/nyu2/furniture_store_0002b_out\142.jpg,12,17
3270,../data/nyu_data/nyu2/living_room_0022_out\155.jpg,17,9
3274,../data/nyu_data/nyu2/study_0003_out\156.jpg,24,9
3280,../data/nyu_data/nyu2/bedroom_0014_out\4.jpg,2,17
3281,../data/nyu_data/nyu2/bedroom_0130_out\58.jpg,2,18
3285,../data/nyu_data/nyu2/cafe_0001c_out\48.jpg,4,9
3286,../data/nyu_data/nyu2/bedroom_0060_out\64.jpg,2,9
3290,../data/nyu_data/nyu2/furniture_store_0002c_out\20.jpg,12,19
3291,../data/nyu_data/nyu2/study_room_0004_out\139.jpg,24,18
3293,../data/nyu_data/nyu2/furniture_store_0002b_out\219.jpg,12,17
3295,../data/nyu_data/nyu2/bathroom_0035_out\19.jpg,1,17
3301,../data/nyu_data/nyu2/bedroom_0081_out\51.jpg,2,17
3302,../data/nyu_data/nyu2/bedroom_0025_out\180.jpg,2,15
3303,../data/nyu_data/nyu2/classroom_0022_out\168.jpg,5,0
3308,../data/nyu_data/nyu2/bedroom_0113_out\144.jpg,2,19
3315,../data/nyu_data/nyu2/bathroom_0041_out\44.jpg,1,18
3325,../data/nyu_data/nyu2/home_office_0006_out\230.jpg,13,15
3327,../data/nyu_data/nyu2/dining_room_0015_out\186.jpg,9,19
3328,../data/nyu_data/nyu2/conference_room_0001_out\17.jpg,7,15
3330,../data/nyu_data/nyu2/bedroom_0063_out\152.jpg,2,15
3334,../data/nyu_data/nyu2/kitchen_0048_out\28.jpg,15,18
3338,../data/nyu_data/nyu2/bedroom_0125b_out\12.jpg,2,19
3345,../data/nyu_data/nyu2/bedroom_0020_out\41.jpg,2,17
3348,../data/nyu_data/nyu2/dining_room_0023_out\212.jpg,9,17
3354,../data/nyu_data/nyu2/furniture_store_0002c_out\28.jpg,12,17
3357,../data/nyu_data/nyu2/bedroom_0020_out\104.jpg,2,17
3368,../data/nyu_data/nyu2/office_0006_out\6.jpg,19,18
3369,../data/nyu_data/nyu2/bedroom_0096_out\122.jpg,2,17
3371,../data/nyu_data/nyu2/study_room_0005b_out\97.jpg,24,18
3379,../data/nyu_data/nyu2/furniture_store_0002a_out\9.jpg,12,9
3381,../data/nyu_data/nyu2/furniture_store_0001d_out\300.jpg,12,19
3383,../data/nyu_data/nyu2/furniture_store_0002a_out\228.jpg,12,19
3385,../data/nyu_data/nyu2/kitchen_0060_out\184.jpg,15,17
3388,../data/nyu_data/nyu2/bookstore_0001f_out\646.jpg,3,19
3389,../data/nyu_data/nyu2/furniture_store_0001d_out\311.jpg,12,19
3390,../data/nyu_data/nyu2/dining_room_0031_out\65.jpg,9,17
3398,../data/nyu_data/nyu2/classroom_0004_out\11.jpg,5,19
3399,../data/nyu_data/nyu2/home_office_0011_out\36.jpg,13,2
3400,../data/nyu_data/nyu2/bedroom_0063_out\136.jpg,2,15
3401,../data/nyu_data/nyu2/home_office_0011_out\94.jpg,13,17
3404,../data/nyu_data/nyu2/dining_room_0015_out\18.jpg,9,18
3407,../data/nyu_data/nyu2/conference_room_0001_out\48.jpg,7,19
3412,../data/nyu_data/nyu2/dining_room_0029_out\68.jpg,9,19
3414,../data/nyu_data/nyu2/dining_room_0029_out\14.jpg,9,17
3415,../data/nyu_data/nyu2/bookstore_0001f_out\156.jpg,3,18
3416,../data/nyu_data/nyu2/bathroom_0033_out\8.jpg,1,18
3422,../data/nyu_data/nyu2/kitchen_0041_out\54.jpg,15,9
3425,../data/nyu_data/nyu2/dining_room_0014_out\68.jpg,9,17
3426,../data/nyu_data/nyu2/dining_room_0037_out\2.jpg,9,17
3427,../data/nyu_data/nyu2/bedroom_0078_out\185.jpg,2,9
3428,../data/nyu_data/nyu2/reception_room_0002_out\89.jpg,22,18
3430,../data/nyu_data/nyu2/home_office_0006_out\237.jpg,13,17
3438,../data/nyu_data/nyu2/bathroom_0028_out\122.jpg,1,18
3439,../data/nyu_data/nyu2/cafe_0001b_out\83.jpg,4,24
3446,../data/nyu_data/nyu2/bedroom_0116_out\19.jpg,2,18
3448,../data/nyu_data/nyu2/bedroom_0062_out\129.jpg,2,17
3450,../data/nyu_data/nyu2/bedroom_0063_out\142.jpg,2,15
3452,../data/nyu_data/nyu2/bedroom_0132_out\60.jpg,2,9
3453,../data/nyu_data/nyu2/dining_room_0029_out\39.jpg,9,17
3459,../data/nyu_data/nyu2/bedroom_0017_out\143.jpg,2,17
3462,../data/nyu_data/nyu2/bedroom_0060_out\104.jpg,2,18
3465,../data/nyu_data/nyu2/bedroom_0113_out\24.jpg,2,16
3466,../data/nyu_data/nyu2/kitchen_0029c_out\89.jpg,15,17
3473,../data/nyu_data/nyu2/dining_room_0023_out\248.jpg,9,19
3475,../data/nyu_data/nyu2/playroom_0003_out\46.jpg,20,2
3476,../data/nyu_data/nyu2/bedroom_0066_out\37.jpg,2,9
3478,../data/nyu_data/nyu2/bathroom_0028_out\120.jpg,1,18
3479,../data/nyu_data/nyu2/kitchen_0010_out\12.jpg,15,17
3483,../data/nyu_data/nyu2/living_room_0029_out\131.jpg,17,9
3486,../data/nyu_data/nyu2/bedroom_0104_out\95.jpg,2,17
3488,../data/nyu_data/nyu2/bedroom_0097_out\93.jpg,2,17
3489,../data/nyu_data/nyu2/living_room_0038_out\76.jpg,17,18
3493,../data/nyu_data/nyu2/bedroom_0094_out\42.jpg,2,9
3494,../data/nyu_data/nyu2/bedroom_0129_out\99.jpg,2,17
3497,../data/nyu_data/nyu2/furniture_store_0001b_out\1.jpg,12,18
3498,../data/nyu_data/nyu2/living_room_0019_out\304.jpg,17,19
3502,../data/nyu_data/nyu2/reception_room_0001b_out\163.jpg,22,9
3504,../data/nyu_data/nyu2/bookstore_0001f_out\664.jpg,3,18
3505,../data/nyu_data/nyu2/bedroom_0020_out\58.jpg,2,17
3506,../data/nyu_data/nyu2/home_office_0004_out\45.jpg,13,19
3507,../data/nyu_data/nyu2/kitchen_0043_out\191.jpg,15,9
3508,../data/nyu_data/nyu2/bedroom_0125b_out\6.jpg,2,19
3516,../data/nyu_data/nyu2/bedroom_0051_out\214.jpg,2,1
3518,../data/nyu_data/nyu2/living_room_0063_out\197.jpg,17,19
3522,../data/nyu_data/nyu2/bathroom_0001_out\16.jpg,1,15
3523,../data/nyu_data/nyu2/bathroom_0028_out\44.jpg,1,15
3529,../data/nyu_data/nyu2/conference_room_0001_out\120.jpg,7,15
3530,../data/nyu_data/nyu2/bathroom_0049_out\18.jpg,1,18
3531,../data/nyu_data/nyu2/bedroom_0138_out\130.jpg,2,17
3536,../data/nyu_data/nyu2/bedroom_0026_out\24.jpg,2,15
3541,../data/nyu_data/nyu2/furniture_store_0002b_out\46.jpg,12,17
3544,../data/nyu_data/nyu2/bathroom_0005_out\36.jpg,1,15
3553,../data/nyu_data/nyu2/kitchen_0019a_out\33.jpg,15,19
3564,../data/nyu_data/nyu2/bedroom_0069_out\142.jpg,2,9
3571,../data/nyu_data/nyu2/bathroom_0057_out\28.jpg,1,16
3578,../data/nyu_data/nyu2/classroom_0004_out\98.jpg,5,19
3583,../data/nyu_data/nyu2/bedroom_0079_out\53.jpg,2,17
3587,../data/nyu_data/nyu2/office_0003_out\63.jpg,19,15
3590,../data/nyu_data/nyu2/playroom_0003_out\57.jpg,20,2
3591,../data/nyu_data/nyu2/furniture_store_0001d_out\395.jpg,12,17
3594,../data/nyu_data/nyu2/bedroom_0078_out\118.jpg,2,18
3603,../data/nyu_data/nyu2/bedroom_0035_out\1.jpg,2,17
3607,../data/nyu_data/nyu2/dining_room_0031_out\571.jpg,9,15
3609,../data/nyu_data/nyu2/bedroom_0012_out\31.jpg,2,17
3611,../data/nyu_data/nyu2/bathroom_0050_out\2.jpg,1,17
3614,../data/nyu_data/nyu2/bedroom_0132_out\59.jpg,2,9
3620,../data/nyu_data/nyu2/office_0006_out\59.jpg,19,18
3626,../data/nyu_data/nyu2/bedroom_0086_out\46.jpg,2,17
3632,../data/nyu_data/nyu2/kitchen_0053_out\256.jpg,15,17
3634,../data/nyu_data/nyu2/bedroom_0038_out\23.jpg,2,16
3636,../data/nyu_data/nyu2/living_room_0029_out\154.jpg,17,18
3639,../data/nyu_data/nyu2/kitchen_0052_out\173.jpg,15,9
3640,../data/nyu_data/nyu2/bookstore_0001f_out\623.jpg,3,19
3642,../data/nyu_data/nyu2/furniture_store_0002a_out\15.jpg,12,17
3643,../data/nyu_data/nyu2/dining_room_0029_out\80.jpg,9,17
3646,../data/nyu_data/nyu2/bathroom_0056_out\67.jpg,1,9
3648,../data/nyu_data/nyu2/bathroom_0045a_out\15.jpg,1,18
3657,../data/nyu_data/nyu2/dining_room_0031_out\527.jpg,9,15
3661,../data/nyu_data/nyu2/dining_room_0037_out\135.jpg,9,17
3662,../data/nyu_data/nyu2/bedroom_0126_out\11.jpg,2,18
3668,../data/nyu_data/nyu2/kitchen_0047_out\11.jpg,15,16
3671,../data/nyu_data/nyu2/bedroom_0069_out\83.jpg,2,17
3672,../data/nyu_data/nyu2/bedroom_0078_out\236.jpg,2,9
3676,../data/nyu_data/nyu2/dining_room_0037_out\139.jpg,9,17
3697,../data/nyu_data/nyu2/kitchen_0043_out\194.jpg,15,17
3698,../data/nyu_data/nyu2/bedroom_0069_out\156.jpg,2,19
3706,../data/nyu_data/nyu2/bedroom_0104_out\127.jpg,2,17
3709,../data/nyu_data/nyu2/living_room_0018_out\79.jpg,17,2
3710,../data/nyu_data/nyu2/kitchen_0028b_out\46.jpg,15,12
3712,../data/nyu_data/nyu2/kitchen_0045a_out\127.jpg,15,18
3713,../data/nyu_data/nyu2/dining_room_0023_out\202.jpg,9,17
3714,../data/nyu_data/nyu2/conference_room_0002_out\61.jpg,7,19
3721,../data/nyu_data/nyu2/playroom_0004_out\153.jpg,20,17
3725,../data/nyu_data/nyu2/bedroom_0056a_out\156.jpg,2,17
3726,../data/nyu_data/nyu2/reception_room_0002_out\155.jpg,22,18
3729,../data/nyu_data/nyu2/furniture_store_0001d_out\22.jpg,12,19
3735,../data/nyu_data/nyu2/bookstore_0001f_out\546.jpg,3,18
3740,../data/nyu_data/nyu2/bedroom_0107_out\66.jpg,2,16
3741,../data/nyu_data/nyu2/nyu_office_1_out\100.jpg,18,20
3746,../data/nyu_data/nyu2/bedroom_0042_out\12.jpg,2,17
3754,../data/nyu_data/nyu2/kitchen_0028b_out\88.jpg,15,2
3757,../data/nyu_data/nyu2/kitchen_0051_out\228.jpg,15,16
3758,../data/nyu_data/nyu2/bedroom_0050_out\183.jpg,2,19
3760,../data/nyu_data/nyu2/bedroom_0050_out\172.jpg,2,17
3766,../data/nyu_data/nyu2/bedroom_0096_out\114.jpg,2,17
3767,../data/nyu_data/nyu2/bedroom_0012_out\1.jpg,2,17
3771,../data/nyu_data/nyu2/dining_room_0023_out\235.jpg,9,17
3772,../data/nyu_data/nyu2/bathroom_0001_out\32.jpg,1,15
3775,../data/nyu_data/nyu2/study_0003_out\101.jpg,24,18
3776,../data/nyu_data/nyu2/dining_room_0028_out\11.jpg,9,17
3777,../data/nyu_data/nyu2/study_0003_out\126.jpg,24,17
3789,../data/nyu_data/nyu2/bedroom_0069_out\120.jpg,2,17
3791,../data/nyu_data/nyu2/bookstore_0001f_out\537.jpg,3,18
3793,../data/nyu_data/nyu2/kitchen_0037_out\119.jpg,15,18
3795,../data/nyu_data/nyu2/bedroom_0100_out\20.jpg,2,17
3802,../data/nyu_data/nyu2/bedroom_0012_out\94.jpg,2,17
3804,../data/nyu_data/nyu2/bedroom_0017_out\29.jpg,2,17
3806,../data/nyu_data/nyu2/living_room_0047b_out\105.jpg,17,15
3807,../data/nyu_data/nyu2/bedroom_0104_out\137.jpg,2,17
3811,../data/nyu_data/nyu2/furniture_store_0001d_out\402.jpg,12,17
3815,../data/nyu_data/nyu2/kitchen_0037_out\162.jpg,15,18
3817,../data/nyu_data/nyu2/living_room_0067_out\48.jpg,17,15
3821,../data/nyu_data/nyu2/kitchen_0037_out\117.jpg,15,18
3824,../data/nyu_data/nyu2/bathroom_0035_out\9.jpg,1,17
3828,../data/nyu_data/nyu2/bedroom_0071_out\149.jpg,2,17
3830,../data/nyu_data/nyu2/bedroom_0041_out\16.jpg,2,17
3833,../data/nyu_data/nyu2/bathroom_0056_out\8.jpg,1,9
3834,../data/nyu_data/nyu2/nyu_office_0_out\411.jpg,18,9
3837,../data/nyu_data/nyu2/bathroom_0001_out\11.jpg,1,15
3842,../data/nyu_data/nyu2/kitchen_0035a_out\6.jpg,15,9
3850,../data/nyu_data/nyu2/kitchen_0047_out\5.jpg,15,16
3852,../data/nyu_data/nyu2/dining_room_0019_out\27.jpg,9,19
3863,../data/nyu_data/nyu2/kitchen_0033_out\229.jpg,15,17
3865,../data/nyu_data/nyu2/bedroom_0056a_out\54.jpg,2,18
3866,../data/nyu_data/nyu2/kitchen_0010_out\8.jpg,15,17
3867,../data/nyu_data/nyu2/bedroom_0081_out\11.jpg,2,17
3872,../data/nyu_data/nyu2/bedroom_0125b_out\17.jpg,2,19
3874,../data/nyu_data/nyu2/office_0023_out\42.jpg,19,5
3877,../data/nyu_data/nyu2/dining_room_0031_out\574.jpg,9,2
3884,../data/nyu_data/nyu2/bedroom_0129_out\124.jpg,2,17
3892,../data/nyu_data/nyu2/bedroom_0047_out\3.jpg,2,1
3893,../data/nyu_data/nyu2/dinette_0001_out\91.jpg,8,16
3897,../data/nyu_data/nyu2/dining_room_0007_out\261.jpg,9,17
3898,../data/nyu_data/nyu2/kitchen_0028a_out\237.jpg,15,19
3899,../data/nyu_data/nyu2/office_0003_out\65.jpg,19,15
3902,../data/nyu_data/nyu2/kitchen_0052_out\220.jpg,15,9
3906,../data/nyu_data/nyu2/living_room_0029_out\89.jpg,17,15
3907,../data/nyu_data/nyu2/bathroom_0007_out\127.jpg,1,9
3909,../data/nyu_data/nyu2/dining_room_0012_out\159.jpg,9,2
3911,../data/nyu_data/nyu2/living_room_0047a_out\78.jpg,17,9
3915,../data/nyu_data/nyu2/kitchen_0051_out\270.jpg,15,17
3917,../data/nyu_data/nyu2/bedroom_0086_out\167.jpg,2,16
3921,../data/nyu_data/nyu2/home_office_0011_out\8.jpg,13,2
3922,../data/nyu_data/nyu2/bedroom_0098_out\32.jpg,2,17
3923,../data/nyu_data/nyu2/playroom_0003_out\58.jpg,20,9
3926,../data/nyu_data/nyu2/furniture_store_0002b_out\5.jpg,12,18
3927,../data/nyu_data/nyu2/playroom_0003_out\304.jpg,20,15
3929,../data/nyu_data/nyu2/bedroom_0098_out\95.jpg,2,17
3932,../data/nyu_data/nyu2/bedroom_0136_out\20.jpg,2,17
3934,../data/nyu_data/nyu2/dining_room_0029_out\18.jpg,9,17
3937,../data/nyu_data/nyu2/dining_room_0007_out\129.jpg,9,15
3939,../data/nyu_data/nyu2/bedroom_0100_out\10.jpg,2,17
3948,../data/nyu_data/nyu2/bathroom_0006_out\84.jpg,1,18
3949,../data/nyu_data/nyu2/study_0004_out\31.jpg,24,15
3951,../data/nyu_data/nyu2/bedroom_0072_out\166.jpg,2,17
3953,../data/nyu_data/nyu2/bathroom_0042_out\4.jpg,1,9
3955,../data/nyu_data/nyu2/bathroom_0007_out\124.jpg,1,9
3958,../data/nyu_data/nyu2/dining_room_0031_out\380.jpg,9,15
3960,../data/nyu_data/nyu2/reception_room_0002_out\112.jpg,22,9
3961,../data/nyu_data/nyu2/bedroom_0056b_out\1.jpg,2,17
3965,../data/nyu_data/nyu2/living_room_0020_out\282.jpg,17,9
3966,../data/nyu_data/nyu2/bedroom_0136_out\51.jpg,2,19
3968,../data/nyu_data/nyu2/bedroom_0120_out\79.jpg,2,17
3976,../data/nyu_data/nyu2/bathroom_0051_out\54.jpg,1,15
3978,../data/nyu_data/nyu2/furniture_store_0002a_out\95.jpg,12,9
3987,../data/nyu_data/nyu2/bedroom_0074_out\21.jpg,2,9
3990,../data/nyu_data/nyu2/furniture_store_0001d_out\337.jpg,12,9
3995,../data/nyu_data/nyu2/bathroom_0053_out\32.jpg,1,19
3996,../data/nyu_data/nyu2/kitchen_0031_out\259.jpg,15,19
3999,../data/nyu_data/nyu2/kitchen_0019a_out\196.jpg,15,9
4000,../data/nyu_data/nyu2/kitchen_0045a_out\44.jpg,15,2
4002,../data/nyu_data/nyu2/bedroom_0120_out\99.jpg,2,17
4005,../data/nyu_data/nyu2/furniture_store_0001e_out\75.jpg,12,19
4007,../data/nyu_data/nyu2/bedroom_0072_out\148.jpg,2,17
4009,../data/nyu_data/nyu2/cafe_0001c_out\92.jpg,4,17
4010,../data/nyu_data/nyu2/bedroom_0086_out\135.jpg,2,16
4011,../data/nyu_data/nyu2/dining_room_0012_out\13.jpg,9,17
4016,../data/nyu_data/nyu2/furniture_store_0001d_out\316.jpg,12,19
4019,../data/nyu_data/nyu2/bedroom_0019_out\243.jpg,2,17
4020,../data/nyu_data/nyu2/study_room_0004_out\23.jpg,24,18
4021,../data/nyu_data/nyu2/kitchen_0053_out\79.jpg,15,19
4022,../data/nyu_data/nyu2/bathroom_0028_out\10.jpg,1,18
4024,../data/nyu_data/nyu2/kitchen_0053_out\321.jpg,15,17
4025,../data/nyu_data/nyu2/dining_room_0007_out\76.jpg,9,17
4026,../data/nyu_data/nyu2/living_room_0012_out\120.jpg,17,9
4028,../data/nyu_data/nyu2/bedroom_0012_out\13.jpg,2,17
4031,../data/nyu_data/nyu2/office_0004_out\56.jpg,19,17
4032,../data/nyu_data/nyu2/bedroom_0041_out\40.jpg,2,17
4033,../data/nyu_data/nyu2/bedroom_0120_out\17.jpg,2,17
4038,../data/nyu_data/nyu2/bedroom_0051_out\114.jpg,2,19
4042,../data/nyu_data/nyu2/kitchen_0050_out\198.jpg,15,17
4043,../data/nyu_data/nyu2/bathroom_0041_out\115.jpg,1,2
4046,../data/nyu_data/nyu2/bathroom_0035_out\18.jpg,1,17
4048,../data/nyu_data/nyu2/bathroom_0030_out\73.jpg,1,17
4049,../data/nyu_data/nyu2/nyu_office_1_out\106.jpg,18,20
4058,../data/nyu_data/nyu2/reception_room_0002_out\199.jpg,22,18
4059,../data/nyu_data/nyu2/bedroom_0029_out\69.jpg,2,1
4066,../data/nyu_data/nyu2/dining_room_0007_out\211.jpg,9,18
4070,../data/nyu_data/nyu2/bedroom_0056a_out\101.jpg,2,19
4072,../data/nyu_data/nyu2/living_room_0046b_out\177.jpg,17,15
4073,../data/nyu_data/nyu2/dining_room_0031_out\145.jpg,9,17
4074,../data/nyu_data/nyu2/kitchen_0010_out\6.jpg,15,17
4075,../data/nyu_data/nyu2/bedroom_0063_out\188.jpg,2,15
4076,../data/nyu_data/nyu2/furniture_store_0001a_out\19.jpg,12,24
4082,../data/nyu_data/nyu2/reception_room_0002_out\70.jpg,22,18
4085,../data/nyu_data/nyu2/classroom_0006_out\243.jpg,5,19
4086,../data/nyu_data/nyu2/bathroom_0039_out\18.jpg,1,15
4089,../data/nyu_data/nyu2/classroom_0006_out\160.jpg,5,15
4090,../data/nyu_data/nyu2/living_room_0020_out\201.jpg,17,19
4093,../data/nyu_data/nyu2/furniture_store_0001d_out\23.jpg,12,19
4099,../data/nyu_data/nyu2/kitchen_0016_out\100.jpg,15,9
4100,../data/nyu_data/nyu2/kitchen_0043_out\209.jpg,15,9
4104,../data/nyu_data/nyu2/bathroom_0048_out\36.jpg,1,18
4108,../data/nyu_data/nyu2/reception_room_0001a_out\83.jpg,22,17
4109,../data/nyu_data/nyu2/bedroom_0010_out\120.jpg,2,17
4113,../data/nyu_data/nyu2/bedroom_0042_out\45.jpg,2,17
4116,../data/nyu_data/nyu2/bedroom_0004_out\127.jpg,2,17
4118,../data/nyu_data/nyu2/nyu_office_0_out\55.jpg,18,9
4120,../data/nyu_data/nyu2/dining_room_0029_out\56.jpg,9,12
4122,../data/nyu_data/nyu2/bedroom_0094_out\56.jpg,2,9
4123,../data/nyu_data/nyu2/reception_room_0001b_out\155.jpg,22,9
4124,../data/nyu_data/nyu2/dining_room_0031_out\468.jpg,9,2
4125,../data/nyu_data/nyu2/kitchen_0050_out\87.jpg,15,17
4126,../data/nyu_data/nyu2/bedroom_0081_out\63.jpg,2,17
4129,../data/nyu_data/nyu2/bookstore_0001f_out\193.jpg,3,18
4137,../data/nyu_data/nyu2/bookstore_0001g_out\352.jpg,3,18
4141,../data/nyu_data/nyu2/conference_room_0001_out\38.jpg,7,19
4144,../data/nyu_data/nyu2/home_office_0011_out\54.jpg,13,2
4145,../data/nyu_data/nyu2/kitchen_0060_out\208.jpg,15,9
4146,../data/nyu_data/nyu2/bedroom_0041_out\14.jpg,2,15
4148,../data/nyu_data/nyu2/kitchen_0045a_out\108.jpg,15,2
4154,../data/nyu_data/nyu2/bathroom_0041_out\111.jpg,1,18
4155,../data/nyu_data/nyu2/bedroom_0072_out\138.jpg,2,1
4157,../data/nyu_data/nyu2/bathroom_0049_out\84.jpg,1,18
4159,../data/nyu_data/nyu2/kitchen_0035b_out\406.jpg,15,18
4160,../data/nyu_data/nyu2/furniture_store_0002b_out\239.jpg,12,17
4161,../data/nyu_data/nyu2/furniture_store_0002b_out\250.jpg,12,17
4164,../data/nyu_data/nyu2/kitchen_0019a_out\145.jpg,15,9
4169,../data/nyu_data/nyu2/home_office_0005_out\119.jpg,13,15
4173,../data/nyu_data/nyu2/bathroom_0033_out\18.jpg,1,18
4174,../data/nyu_data/nyu2/living_room_0029_out\129.jpg,17,9
4179,../data/nyu_data/nyu2/home_office_0005_out\117.jpg,13,15
4181,../data/nyu_data/nyu2/living_room_0058_out\223.jpg,17,15
4182,../data/nyu_data/nyu2/bedroom_0086_out\185.jpg,2,17
4183,../data/nyu_data/nyu2/kitchen_0031_out\296.jpg,15,2
4184,../data/nyu_data/nyu2/home_office_0004_out\57.jpg,13,19
4188,../data/nyu_data/nyu2/living_room_0022_out\303.jpg,17,19
4192,../data/nyu_data/nyu2/living_room_0012_out\127.jpg,17,9
4196,../data/nyu_data/nyu2/bedroom_0010_out\124.jpg,2,17
4197,../data/nyu_data/nyu2/bedroom_0029_out\1.jpg,2,17
4198,../data/nyu_data/nyu2/bedroom_0076a_out\177.jpg,2,9
4204,../data/nyu_data/nyu2/conference_room_0001_out\74.jpg,7,15
4208,../data/nyu_data/nyu2/dining_room_0016_out\27.jpg,9,17
4209,../data/nyu_data/nyu2/living_room_0012_out\60.jpg,17,2
4214,../data/nyu_data/nyu2/kitchen_0019a_out\204.jpg,15,19
4216,../data/nyu_data/nyu2/dining_room_0023_out\193.jpg,9,17
4222,../data/nyu_data/nyu2/classroom_0004_out\87.jpg,5,0
4229,../data/nyu_data/nyu2/living_room_0042a_out\39.jpg,17,19
4235,../data/nyu_data/nyu2/bedroom_0029_out\2.jpg,2,17
4236,../data/nyu_data/nyu2/dining_room_0031_out\392.jpg,9,17
4239,../data/nyu_data/nyu2/dining_room_0015_out\203.jpg,9,15
4244,../data/nyu_data/nyu2/living_room_0012_out\69.jpg,17,9
4245,../data/nyu_data/nyu2/nyu_office_1_out\78.jpg,18,17
4252,../data/nyu_data/nyu2/reception_room_0002_out\156.jpg,22,18
4256,../data/nyu_data/nyu2/bathroom_0051_out\11.jpg,1,17
4258,../data/nyu_data/nyu2/kitchen_0059_out\50.jpg,15,2
4263,../data/nyu_data/nyu2/classroom_0003_out\11.jpg,5,19
4264,../data/nyu_data/nyu2/bedroom_0072_out\215.jpg,2,17
4268,../data/nyu_data/nyu2/bedroom_0072_out\231.jpg,2,17
4274,../data/nyu_data/nyu2/kitchen_0031_out\120.jpg,15,9
4276,../data/nyu_data/nyu2/study_0003_out\163.jpg,24,9
4277,../data/nyu_data/nyu2/bedroom_0004_out\130.jpg,2,17
4282,../data/nyu_data/nyu2/bedroom_0063_out\132.jpg,2,15
4283,../data/nyu_data/nyu2/furniture_store_0002b_out\114.jpg,12,17
4286,../data/nyu_data/nyu2/bedroom_0042_out\62.jpg,2,17
4287,../data/nyu_data/nyu2/bedroom_0063_out\27.jpg,2,15
4292,../data/nyu_data/nyu2/living_room_0070_out\116.jpg,17,18
4294,../data/nyu_data/nyu2/dining_room_0023_out\24.jpg,9,17
4298,../data/nyu_data/nyu2/bedroom_0020_out\28.jpg,2,17
4302,../data/nyu_data/nyu2/kitchen_0045b_out\107.jpg,15,22
4310,../data/nyu_data/nyu2/kitchen_0050_out\149.jpg,15,17
4315,../data/nyu_data/nyu2/bathroom_0028_out\42.jpg,1,18
4316,../data/nyu_data/nyu2/kitchen_0043_out\232.jpg,15,20
4317,../data/nyu_data/nyu2/classroom_0022_out\161.jpg,5,0
4318,../data/nyu_data/nyu2/furniture_store_0001d_out\137.jpg,12,0
4320,../data/nyu_data/nyu2/living_room_0055_out\191.jpg,17,15
4325,../data/nyu_data/nyu2/reception_room_0001b_out\162.jpg,22,9
4327,../data/nyu_data/nyu2/bathroom_0034_out\59.jpg,1,18
4329,../data/nyu_data/nyu2/bookstore_0001j_out\428.jpg,3,19
4333,../data/nyu_data/nyu2/furniture_store_0001d_out\305.jpg,12,19
4334,../data/nyu_data/nyu2/bedroom_0106_out\24.jpg,2,15
4345,../data/nyu_data/nyu2/bathroom_0013_out\57.jpg,1,18
4349,../data/nyu_data/nyu2/dining_room_0037_out\58.jpg,9,17
4356,../data/nyu_data/nyu2/kitchen_0028b_out\101.jpg,15,9
4357,../data/nyu_data/nyu2/study_0004_out\33.jpg,24,15
4360,../data/nyu_data/nyu2/living_room_0067_out\35.jpg,17,2
4361,../data/nyu_data/nyu2/dining_room_0031_out\497.jpg,9,2
4366,../data/nyu_data/nyu2/bookstore_0001j_out\411.jpg,3,19
4372,../data/nyu_data/nyu2/home_storage_0001_out\8.jpg,13,17
4374,../data/nyu_data/nyu2/furniture_store_0001d_out\334.jpg,12,19
4376,../data/nyu_data/nyu2/home_office_0011_out\14.jpg,13,17
4380,../data/nyu_data/nyu2/dining_room_0031_out\425.jpg,9,17
4383,../data/nyu_data/nyu2/bathroom_0010_out\53.jpg,1,9
4387,../data/nyu_data/nyu2/bedroom_0020_out\34.jpg,2,17
4388,../data/nyu_data/nyu2/classroom_0004_out\70.jpg,5,19
4389,../data/nyu_data/nyu2/bedroom_0010_out\111.jpg,2,17
4391,../data/nyu_data/nyu2/dining_room_0001b_out\126.jpg,9,1
4401,../data/nyu_data/nyu2/living_room_0020_out\254.jpg,17,15
4409,../data/nyu_data/nyu2/kitchen_0011a_out\10.jpg,15,19
4411,../data/nyu_data/nyu2/kitchen_0049_out\66.jpg,15,17
4418,../data/nyu_data/nyu2/living_room_0019_out\319.jpg,17,19
4420,../data/nyu_data/nyu2/dining_room_0015_out\86.jpg,9,15
4422,../data/nyu_data/nyu2/bedroom_0072_out\165.jpg,2,17
4423,../data/nyu_data/nyu2/bedroom_0012_out\90.jpg,2,17
4424,../data/nyu_data/nyu2/excercise_room_0001_out\146.jpg,10,19
4425,../data/nyu_data/nyu2/study_0004_out\19.jpg,24,17
4428,../data/nyu_data/nyu2/living_room_0020_out\225.jpg,17,22
4429,../data/nyu_data/nyu2/nyu_office_0_out\615.jpg,18,9
4431,../data/nyu_data/nyu2/bedroom_0020_out\102.jpg,2,17
4435,../data/nyu_data/nyu2/bedroom_0086_out\82.jpg,2,17
4436,../data/nyu_data/nyu2/study_room_0005b_out\70.jpg,24,18
4438,../data/nyu_data/nyu2/kitchen_0045b_out\60.jpg,15,22
4442,../data/nyu_data/nyu2/dining_room_0016_out\262.jpg,9,19
4443,../data/nyu_data/nyu2/living_room_0039_out\57.jpg,17,19
4446,../data/nyu_data/nyu2/reception_room_0001a_out\102.jpg,22,12
4450,../data/nyu_data/nyu2/bedroom_0059_out\51.jpg,2,1
4455,../data/nyu_data/nyu2/dining_room_0012_out\238.jpg,9,17
4457,../data/nyu_data/nyu2/bathroom_0002_out\51.jpg,1,15
4459,../data/nyu_data/nyu2/bedroom_0086_out\5.jpg,2,17
4460,../data/nyu_data/nyu2/bedroom_0072_out\96.jpg,2,1
4465,../data/nyu_data/nyu2/kitchen_0041_out\35.jpg,15,17
4466,../data/nyu_data/nyu2/bathroom_0034_out\12.jpg,1,18
4467,../data/nyu_data/nyu2/cafe_0001c_out\91.jpg,4,17
4469,../data/nyu_data/nyu2/living_room_0047b_out\238.jpg,17,15
4470,../data/nyu_data/nyu2/bathroom_0048_out\33.jpg,1,15
4471,../data/nyu_data/nyu2/bedroom_0138_out\138.jpg,2,17
4476,../data/nyu_data/nyu2/dining_room_0016_out\40.jpg,9,17
4480,../data/nyu_data/nyu2/bedroom_0086_out\140.jpg,2,16
4482,../data/nyu_data/nyu2/study_0004_out\66.jpg,24,15
4484,../data/nyu_data/nyu2/kitchen_0035b_out\61.jpg,15,9
4486,../data/nyu_data/nyu2/bedroom_0097_out\81.jpg,2,17
4487,../data/nyu_data/nyu2/furniture_store_0002b_out\311.jpg,12,19
4488,../data/nyu_data/nyu2/dining_room_0007_out\5.jpg,9,17
4489,../data/nyu_data/nyu2/bedroom_0063_out\111.jpg,2,15
4490,../data/nyu_data/nyu2/dining_room_0014_out\104.jpg,9,17
4491,../data/nyu_data/nyu2/bathroom_0039_out\68.jpg,1,15
4492,../data/nyu_data/nyu2/living_room_0019_out\243.jpg,17,15
4501,../data/nyu_data/nyu2/bathroom_0030_out\30.jpg,1,17
4503,../data/nyu_data/nyu2/classroom_0003_out\37.jpg,5,19
4504,../data/nyu_data/nyu2/bathroom_0005_out\11.jpg,1,18
4510,../data/nyu_data/nyu2/bedroom_0045_out\31.jpg,2,15
4519,../data/nyu_data/nyu2/office_0023_out\66.jpg,19,17
4523,../data/nyu_data/nyu2/living_room_0019_out\324.jpg,17,19
4525,../data/nyu_data/nyu2/bookstore_0001g_out\193.jpg,3,19
4527,../data/nyu_data/nyu2/bedroom_0062_out\53.jpg,2,17
4531,../data/nyu_data/nyu2/bedroom_0010_out\20.jpg,2,17
4534,../data/nyu_data/nyu2/bathroom_0007_out\97.jpg,1,17
4536,../data/nyu_data/nyu2/bedroom_0067a_out\1.jpg,2,19
4538,../data/nyu_data/nyu2/living_room_0022_out\154.jpg,17,9
4546,../data/nyu_data/nyu2/cafe_0001c_out\54.jpg,4,17
4547,../data/nyu_data/nyu2/furniture_store_0001d_out\2.jpg,12,19
4558,../data/nyu_data/nyu2/living_room_0039_out\93.jpg,17,19
4560,../data/nyu_data/nyu2/kitchen_0010_out\152.jpg,15,19
4564,../data/nyu_data/nyu2/living_room_0022_out\109.jpg,17,9
4566,../data/nyu_data/nyu2/bathroom_0049_out\74.jpg,1,18
4567,../data/nyu_data/nyu2/bedroom_0020_out\1.jpg,2,18
4572,../data/nyu_data/nyu2/dining_room_0007_out\57.jpg,9,17
4574,../data/nyu_data/nyu2/bedroom_0106_out\118.jpg,2,1
4579,../data/nyu_data/nyu2/bathroom_0034_out\67.jpg,1,18
4583,../data/nyu_data/nyu2/dining_room_0031_out\180.jpg,9,17
4599,../data/nyu_data/nyu2/dining_room_0029_out\60.jpg,9,19
4600,../data/nyu_data/nyu2/bedroom_0020_out\155.jpg,2,17
4609,../data/nyu_data/nyu2/bedroom_0129_out\81.jpg,2,17
4610,../data/nyu_data/nyu2/home_office_0007_out\61.jpg,13,17
4611,../data/nyu_data/nyu2/bedroom_0120_out\108.jpg,2,17
4612,../data/nyu_data/nyu2/bedroom_0051_out\15.jpg,2,15
4618,../data/nyu_data/nyu2/study_room_0005a_out\65.jpg,24,18
4624,../data/nyu_data/nyu2/dinette_0001_out\5.jpg,8,15
4625,../data/nyu_data/nyu2/bathroom_0039_out\56.jpg,1,9
4628,../data/nyu_data/nyu2/kitchen_0033_out\132.jpg,15,2
4629,../data/nyu_data/nyu2/conference_room_0001_out\104.jpg,7,15
4634,../data/nyu_data/nyu2/kitchen_0048_out\296.jpg,15,17
4635,../data/nyu_data/nyu2/study_room_0005b_out\88.jpg,24,18
4636,../data/nyu_data/nyu2/home_storage_0001_out\7.jpg,13,17
4637,../data/nyu_data/nyu2/bookstore_0001h_out\66.jpg,3,4
4640,../data/nyu_data/nyu2/dining_room_0014_out\139.jpg,9,17
4649,../data/nyu_data/nyu2/bathroom_0028_out\121.jpg,1,18
4650,../data/nyu_data/nyu2/kitchen_0019a_out\372.jpg,15,19
4653,../data/nyu_data/nyu2/furniture_store_0001d_out\12.jpg,12,19
4656,../data/nyu_data/nyu2/bedroom_0019_out\226.jpg,2,17
4658,../data/nyu_data/nyu2/kitchen_0045a_out\61.jpg,15,9
4665,../data/nyu_data/nyu2/furniture_store_0002a_out\246.jpg,12,19
4675,../data/nyu_data/nyu2/bookstore_0001j_out\295.jpg,3,2
4681,../data/nyu_data/nyu2/dining_room_0007_out\27.jpg,9,17
4684,../data/nyu_data/nyu2/reception_room_0002_out\8.jpg,22,18
4685,../data/nyu_data/nyu2/home_office_0005_out\7.jpg,13,22
4686,../data/nyu_data/nyu2/bathroom_0048_out\59.jpg,1,15
4693,../data/nyu_data/nyu2/playroom_0003_out\60.jpg,20,9
4701,../data/nyu_data/nyu2/bedroom_0078_out\191.jpg,2,9
4704,../data/nyu_data/nyu2/dining_room_0031_out\433.jpg,9,15
4708,../data/nyu_data/nyu2/furniture_store_0001d_out\329.jpg,12,19
4710,../data/nyu_data/nyu2/bookstore_0001f_out\660.jpg,3,18
4711,../data/nyu_data/nyu2/bedroom_0047_out\2.jpg,2,1
4717,../data/nyu_data/nyu2/bedroom_0057_out\62.jpg,2,9
4718,../data/nyu_data/nyu2/kitchen_0028a_out\147.jpg,15,19
4719,../data/nyu_data/nyu2/living_room_0047a_out\83.jpg,17,9
4721,../data/nyu_data/nyu2/classroom_0022_out\149.jpg,5,0
4723,../data/nyu_data/nyu2/bedroom_0125b_out\14.jpg,2,19
4724,../data/nyu_data/nyu2/kitchen_0019a_out\23.jpg,15,19
4728,../data/nyu_data/nyu2/bedroom_0078_out\237.jpg,2,9
4733,../data/nyu_data/nyu2/bedroom_0019_out\100.jpg,2,17
4742,../data/nyu_data/nyu2/dining_room_0031_out\14.jpg,9,15
4747,../data/nyu_data/nyu2/office_0006_out\151.jpg,19,18
4750,../data/nyu_data/nyu2/playroom_0002_out\127.jpg,20,2
4754,../data/nyu_data/nyu2/classroom_0003_out\7.jpg,5,19
4756,../data/nyu_data/nyu2/kitchen_0035b_out\414.jpg,15,18
4758,../data/nyu_data/nyu2/study_room_0005b_out\66.jpg,24,18
4760,../data/nyu_data/nyu2/reception_room_0002_out\219.jpg,22,9
4761,../data/nyu_data/nyu2/bookstore_0001f_out\442.jpg,3,15
4762,../data/nyu_data/nyu2/classroom_0003_out\30.jpg,5,9
4765,../data/nyu_data/nyu2/bedroom_0086_out\64.jpg,2,17
4768,../data/nyu_data/nyu2/bedroom_0136_out\58.jpg,2,19
4773,../data/nyu_data/nyu2/bedroom_0107_out\28.jpg,2,17
4777,../data/nyu_data/nyu2/kitchen_0016_out\60.jpg,15,19
4781,../data/nyu_data/nyu2/dining_room_0007_out\246.jpg,9,17
4784,../data/nyu_data/nyu2/dining_room_0010_out\132.jpg,9,19
4787,../data/nyu_data/nyu2/dining_room_0034_out\140.jpg,9,19
4791,../data/nyu_data/nyu2/bathroom_0049_out\64.jpg,1,18
4796,../data/nyu_data/nyu2/dining_room_0037_out\4.jpg,9,17
4798,../data/nyu_data/nyu2/dining_room_0029_out\40.jpg,9,17
4802,../data/nyu_data/nyu2/study_0008_out\79.jpg,24,17
4808,../data/nyu_data/nyu2/bedroom_0113_out\12.jpg,2,15
4810,../data/nyu_data/nyu2/bedroom_0078_out\161.jpg,2,9
4811,../data/nyu_data/nyu2/study_0004_out\77.jpg,24,15
4813,../data/nyu_data/nyu2/bathroom_0024_out\65.jpg,1,18
4820,../data/nyu_data/nyu2/kitchen_0017_out\27.jpg,15,18
4821,../data/nyu_data/nyu2/study_room_0005a_out\77.jpg,24,18
4823,../data/nyu_data/nyu2/bedroom_0078_out\113.jpg,2,9
4830,../data/nyu_data/nyu2/home_office_0011_out\6.jpg,13,17
4833,../data/nyu_data/nyu2/bookstore_0001f_out\526.jpg,3,5
4835,../data/nyu_data/nyu2/home_office_0013_out\103.jpg,13,17
4843,../data/nyu_data/nyu2/dining_room_0014_out\18.jpg,9,17
4844,../data/nyu_data/nyu2/living_room_0046b_out\169.jpg,17,15
4851,../data/nyu_data/nyu2/dining_room_0029_out\51.jpg,9,17
4852,../data/nyu_data/nyu2/bookstore_0001f_out\165.jpg,3,18
4853,../data/nyu_data/nyu2/bedroom_0086_out\17.jpg,2,17
4855,../data/nyu_data/nyu2/classroom_0010_out\77.jpg,5,19
4857,../data/nyu_data/nyu2/dining_room_0012_out\160.jpg,9,15
4867,../data/nyu_data/nyu2/nyu_office_0_out\564.jpg,18,9
4869,../data/nyu_data/nyu2/bedroom_0125a_out\30.jpg,2,9
4876,../data/nyu_data/nyu2/nyu_office_0_out\410.jpg,18,9
4878,../data/nyu_data/nyu2/furniture_store_0001d_out\302.jpg,12,19
4886,../data/nyu_data/nyu2/bedroom_0096_out\21.jpg,2,17
4887,../data/nyu_data/nyu2/dining_room_0031_out\410.jpg,9,2
4892,../data/nyu_data/nyu2/office_0011_out\204.jpg,19,17
4897,../data/nyu_data/nyu2/reception_room_0001a_out\105.jpg,22,17
4898,../data/nyu_data/nyu2/dining_room_0037_out\69.jpg,9,17
4900,../data/nyu_data/nyu2/living_room_0082_out\61.jpg,17,15
4901,../data/nyu_data/nyu2/kitchen_0045a_out\6.jpg,15,4
4902,../data/nyu_data/nyu2/bedroom_0136_out\2.jpg,2,19
4904,../data/nyu_data/nyu2/furniture_store_0002a_out\148.jpg,12,15
4908,../data/nyu_data/nyu2/dining_room_0031_out\142.jpg,9,17
4910,../data/nyu_data/nyu2/bathroom_0041_out\101.jpg,1,18
4912,../data/nyu_data/nyu2/dining_room_0037_out\3.jpg,9,17
4913,../data/nyu_data/nyu2/bedroom_0010_out\79.jpg,2,19
4915,../data/nyu_data/nyu2/bathroom_0033_out\43.jpg,1,18
4916,../data/nyu_data/nyu2/living_room_0083_out\110.jpg,17,9
4919,../data/nyu_data/nyu2/bookstore_0001j_out\446.jpg,3,19
4921,../data/nyu_data/nyu2/bookstore_0001e_out\304.jpg,3,19
4923,../data/nyu_data/nyu2/home_office_0008_out\101.jpg,13,17
4928,../data/nyu_data/nyu2/classroom_0006_out\161.jpg,5,15
4929,../data/nyu_data/nyu2/bathroom_0016_out\37.jpg,1,9
4933,../data/nyu_data/nyu2/bookstore_0001f_out\538.jpg,3,19
4934,../data/nyu_data/nyu2/furniture_store_0002b_out\108.jpg,12,17
4935,../data/nyu_data/nyu2/furniture_store_0002c_out\14.jpg,12,19
4936,../data/nyu_data/nyu2/bookstore_0001e_out\224.jpg,3,15
4937,../data/nyu_data/nyu2/bedroom_0057_out\45.jpg,2,9
4940,../data/nyu_data/nyu2/bedroom_0086_out\155.jpg,2,16
4944,../data/nyu_data/nyu2/living_room_0058_out\158.jpg,17,15
4955,../data/nyu_data/nyu2/bedroom_0017_out\217.jpg,2,17
4957,../data/nyu_data/nyu2/kitchen_0050_out\62.jpg,15,17
4964,../data/nyu_data/nyu2/bedroom_0029_out\49.jpg,2,1
4970,../data/nyu_data/nyu2/living_room_0039_out\159.jpg,17,2
4972,../data/nyu_data/nyu2/kitchen_0017_out\89.jpg,15,19
4979,../data/nyu_data/nyu2/bedroom_0118_out\37.jpg,2,15
4980,../data/nyu_data/nyu2/living_room_0012_out\61.jpg,17,2
4981,../data/nyu_data/nyu2/kitchen_0045a_out\133.jpg,15,18
4986,../data/nyu_data/nyu2/kitchen_0010_out\9.jpg,15,17
4987,../data/nyu_data/nyu2/excercise_room_0001_out\129.jpg,10,19
4997,../data/nyu_data/nyu2/kitchen_0051_out\312.jpg,15,19
5000,../data/nyu_data/nyu2/kitchen_0037_out\166.jpg,15,18
5004,../data/nyu_data/nyu2/bedroom_0065_out\39.jpg,2,17
5007,../data/nyu_data/nyu2/bedroom_0012_out\22.jpg,2,17
5008,../data/nyu_data/nyu2/bedroom_0040_out\67.jpg,2,19
5016,../data/nyu_data/nyu2/kitchen_0019a_out\29.jpg,15,19
5017,../data/nyu_data/nyu2/dining_room_0031_out\179.jpg,9,17
5020,../data/nyu_data/nyu2/bedroom_0078_out\114.jpg,2,9
5023,../data/nyu_data/nyu2/bathroom_0030_out\61.jpg,1,17
5024,../data/nyu_data/nyu2/bookstore_0001f_out\190.jpg,3,18
5028,../data/nyu_data/nyu2/bedroom_0140_out\146.jpg,2,9
5037,../data/nyu_data/nyu2/kitchen_0031_out\135.jpg,15,2
5039,../data/nyu_data/nyu2/living_room_0047b_out\104.jpg,17,15
5044,../data/nyu_data/nyu2/indoor_balcony_0001_out\43.jpg,14,17
5047,../data/nyu_data/nyu2/home_office_0005_out\58.jpg,13,17
5055,../data/nyu_data/nyu2/reception_room_0001a_out\81.jpg,22,17
5058,../data/nyu_data/nyu2/living_room_0058_out\160.jpg,17,15
5059,../data/nyu_data/nyu2/dining_room_0014_out\146.jpg,9,17
5060,../data/nyu_data/nyu2/study_room_0004_out\92.jpg,24,18
5062,../data/nyu_data/nyu2/furniture_store_0002a_out\126.jpg,12,15
5064,../data/nyu_data/nyu2/bedroom_0060_out\32.jpg,2,18
5065,../data/nyu_data/nyu2/bedroom_0126_out\100.jpg,2,15
